Rank,Title,Director,Actors
1,Guardians of the Galaxy,James Gunn,"Chris Pratt, Vin Diesel, Bradley Cooper, Zoe Saldana"
2,Prometheus,Ridley Scott,"Noomi Rapace, Logan Marshall-Green, Michael Fassbender, Charlize Theron"
3,Split,M. Night Shyamalan,"James McAvoy, Anya Taylor-Joy, Haley Lu Richardson, Jessica Sula"
4,Sing,Christophe Lourdelet,"Matthew McConaughey,Reese Witherspoon, Seth MacFarlane, Scarlett Johansson"
6,The Great Wall,Yimou Zhang,"Matt Damon, Tian Jing, Willem Dafoe, Andy Lau"
7,La La Land,Damien Chazelle,"Ryan Gosling, Emma Stone, Rosemarie DeWitt, J.K. Simmons"
8,Mindhorn,Sean Foley,"Essie Davis, Andrea Riseborough, Julian Barratt,Kenneth Branagh"
9,The Lost City of Z,James Gray,"Charlie Hunnam, Robert Pattinson, Sienna Miller, Tom Holland"
10,Passengers,Morten Tyldum,"Jennifer Lawrence, Chris Pratt, Michael Sheen,Laurence Fishburne"
11,Fantastic Beasts and Where to Find Them,David Yates,"Eddie Redmayne, Katherine Waterston, Alison Sudol,Dan Fogler"
12,Hidden Figures,Theodore Melfi,"Taraji P. Henson, Octavia Spencer, Janelle Monáe,Kevin Costner"
13,Rogue One,Gareth Edwards,"Felicity Jones, Diego Luna, Alan Tudyk, Donnie Yen"
14,Moana,Ron Clements,"Auli'i Cravalho, Dwayne Johnson, Rachel House, Temuera Morrison"
15,Colossal,Nacho Vigalondo,"Anne Hathaway, Jason Sudeikis, Austin Stowell,Tim Blake Nelson"
16,The Secret Life of Pets,Chris Renaud,"Louis C.K., Eric Stonestreet, Kevin Hart, Lake Bell"
17,Hacksaw Ridge,Mel Gibson,"Andrew Garfield, Sam Worthington, Luke Bracey,Teresa Palmer"
18,Jason Bourne,Paul Greengrass,"Matt Damon, Tommy Lee Jones, Alicia Vikander,Vincent Cassel"
19,Lion,Garth Davis,"Dev Patel, Nicole Kidman, Rooney Mara, Sunny Pawar"
20,Arrival,Denis Villeneuve,"Amy Adams, Jeremy Renner, Forest Whitaker,Michael Stuhlbarg"
21,Gold,Stephen Gaghan,"Matthew McConaughey, Edgar Ramírez, Bryce Dallas Howard, Corey Stoll"
22,Manchester by the Sea,Kenneth Lonergan,"Casey Affleck, Michelle Williams, Kyle Chandler,Lucas Hedges"
23,Hounds of Love,Ben Young,"Emma Booth, Ashleigh Cummings, Stephen Curry,Susie Porter"
24,Trolls,Walt Dohrn,"Anna Kendrick, Justin Timberlake,Zooey Deschanel, Christopher Mintz-Plasse"
25,Independence Day: Resurgence,Roland Emmerich,"Liam Hemsworth, Jeff Goldblum, Bill Pullman,Maika Monroe"
26,Paris pieds nus,Dominique Abel,"Fiona Gordon, Dominique Abel,Emmanuelle Riva, Pierre Richard"
27,Bahubali: The Beginning,S.S. Rajamouli,"Prabhas, Rana Daggubati, Anushka Shetty,Tamannaah Bhatia"
28,Dead Awake,Phillip Guzman,"Jocelin Donahue, Jesse Bradford, Jesse Borrego,Lori Petty"
29,Bad Moms,Jon Lucas,"Mila Kunis, Kathryn Hahn, Kristen Bell,Christina Applegate"
30,Assassin's Creed,Justin Kurzel,"Michael Fassbender, Marion Cotillard, Jeremy Irons,Brendan Gleeson"
31,Why Him?,John Hamburg,"Zoey Deutch, James Franco, Tangie Ambrose,Cedric the Entertainer"
32,Nocturnal Animals,Tom Ford,"Amy Adams, Jake Gyllenhaal, Michael Shannon, Aaron Taylor-Johnson"
33,X-Men: Apocalypse,Bryan Singer,"James McAvoy, Michael Fassbender, Jennifer Lawrence, Nicholas Hoult"
34,Deadpool,Tim Miller,"Ryan Reynolds, Morena Baccarin, T.J. Miller, Ed Skrein"
35,Resident Evil: The Final Chapter,Paul W.S. Anderson,"Milla Jovovich, Iain Glen, Ali Larter, Shawn Roberts"
36,Captain America: Civil War,Anthony Russo,"Chris Evans, Robert Downey Jr.,Scarlett Johansson, Sebastian Stan"
37,Interstellar,Christopher Nolan,"Matthew McConaughey, Anne Hathaway, Jessica Chastain, Mackenzie Foy"
38,Doctor Strange,Scott Derrickson,"Benedict Cumberbatch, Chiwetel Ejiofor, Rachel McAdams, Benedict Wong"
39,The Magnificent Seven,Antoine Fuqua,"Denzel Washington, Chris Pratt, Ethan Hawke,Vincent D'Onofrio"
40,5- 25- 77,Patrick Read Johnson,"John Francis Daley, Austin Pendleton, Colleen Camp, Neil Flynn"
41,Sausage Party,Greg Tiernan,"Seth Rogen, Kristen Wiig, Jonah Hill, Alistair Abell"
42,Moonlight,Barry Jenkins,"Mahershala Ali, Shariff Earp, Duan Sanderson, Alex R. Hibbert"
43,Don't Fuck in the Woods,Shawn Burkett,"Brittany Blanton, Ayse Howard, Roman Jossart,Nadia White"
44,The Founder,John Lee Hancock,"Michael Keaton, Nick Offerman, John Carroll Lynch, Linda Cardellini"
45,Lowriders,Ricardo de Montreuil,"Gabriel Chavarria, Demián Bichir, Theo Rossi,Tony Revolori"
46,Pirates of the Caribbean: On Stranger Tides,Rob Marshall,"Johnny Depp, Penélope Cruz, Ian McShane, Geoffrey Rush"
47,Miss Sloane,John Madden,"Jessica Chastain, Mark Strong, Gugu Mbatha-Raw,Michael Stuhlbarg"
48,Fallen,Scott Hicks,"Hermione Corfield, Addison Timlin, Joely Richardson,Jeremy Irvine"
49,Star Trek Beyond,Justin Lin,"Chris Pine, Zachary Quinto, Karl Urban, Zoe Saldana"
50,The Last Face,Sean Penn,"Charlize Theron, Javier Bardem, Adèle Exarchopoulos,Jared Harris"
51,Star Wars: Episode VII - The Force Awakens,J.J. Abrams,"Daisy Ridley, John Boyega, Oscar Isaac, Domhnall Gleeson"
52,Underworld: Blood Wars,Anna Foerster,"Kate Beckinsale, Theo James, Tobias Menzies, Lara Pulver"
53,Mother's Day,Garry Marshall,"Jennifer Aniston, Kate Hudson, Julia Roberts, Jason Sudeikis"
54,John Wick,Chad Stahelski,"Keanu Reeves, Michael Nyqvist, Alfie Allen, Willem Dafoe"
55,The Dark Knight,Christopher Nolan,"Christian Bale, Heath Ledger, Aaron Eckhart,Michael Caine"
56,Silence,Martin Scorsese,"Andrew Garfield, Adam Driver, Liam Neeson,Tadanobu Asano"
57,Don't Breathe,Fede Alvarez,"Stephen Lang, Jane Levy, Dylan Minnette, Daniel Zovatto"
58,Me Before You,Thea Sharrock,"Emilia Clarke, Sam Claflin, Janet McTeer, Charles Dance"
59,Their Finest,Lone Scherfig,"Gemma Arterton, Sam Claflin, Bill Nighy, Jack Huston"
60,Sully,Clint Eastwood,"Tom Hanks, Aaron Eckhart, Laura Linney, Valerie Mahaffey"
61,Batman v Superman: Dawn of Justice,Zack Snyder,"Ben Affleck, Henry Cavill, Amy Adams, Jesse Eisenberg"
62,The Autopsy of Jane Doe,André Øvredal,"Brian Cox, Emile Hirsch, Ophelia Lovibond, Michael McElhatton"
63,The Girl on the Train,Tate Taylor,"Emily Blunt, Haley Bennett, Rebecca Ferguson, Justin Theroux"
64,Fifty Shades of Grey,Sam Taylor-Johnson,"Dakota Johnson, Jamie Dornan, Jennifer Ehle,Eloise Mumford"
65,The Prestige,Christopher Nolan,"Christian Bale, Hugh Jackman, Scarlett Johansson, Michael Caine"
66,Kingsman: The Secret Service,Matthew Vaughn,"Colin Firth, Taron Egerton, Samuel L. Jackson,Michael Caine"
67,Patriots Day,Peter Berg,"Mark Wahlberg, Michelle Monaghan, J.K. Simmons, John Goodman"
68,Mad Max: Fury Road,George Miller,"Tom Hardy, Charlize Theron, Nicholas Hoult, Zoë Kravitz"
69,Wakefield,Robin Swicord,"Bryan Cranston, Jennifer Garner, Beverly D'Angelo,Jason O'Mara"
70,Deepwater Horizon,Peter Berg,"Mark Wahlberg, Kurt Russell, Douglas M. Griffin, James DuMont"
71,The Promise,Terry George,"Oscar Isaac, Charlotte Le Bon, Christian Bale, Daniel Giménez Cacho"
72,Allied,Robert Zemeckis,"Brad Pitt, Marion Cotillard, Jared Harris, Vincent Ebrahim"
73,A Monster Calls,J.A. Bayona,"Lewis MacDougall, Sigourney Weaver, Felicity Jones,Toby Kebbell"
74,Collateral Beauty,David Frankel,"Will Smith, Edward Norton, Kate Winslet, Michael Peña"
75,Zootopia,Byron Howard,"Ginnifer Goodwin, Jason Bateman, Idris Elba, Jenny Slate"
76,Pirates of the Caribbean: At World's End,Gore Verbinski,"Johnny Depp, Orlando Bloom, Keira Knightley,Geoffrey Rush"
77,The Avengers,Joss Whedon,"Robert Downey Jr., Chris Evans, Scarlett Johansson,Jeremy Renner"
78,Inglourious Basterds,Quentin Tarantino,"Brad Pitt, Diane Kruger, Eli Roth,Mélanie Laurent"
79,Pirates of the Caribbean: Dead Man's Chest,Gore Verbinski,"Johnny Depp, Orlando Bloom, Keira Knightley, Jack Davenport"
80,Ghostbusters,Paul Feig,"Melissa McCarthy, Kristen Wiig, Kate McKinnon, Leslie Jones"
81,Inception,Christopher Nolan,"Leonardo DiCaprio, Joseph Gordon-Levitt, Ellen Page, Ken Watanabe"
82,Captain Fantastic,Matt Ross,"Viggo Mortensen, George MacKay, Samantha Isler,Annalise Basso"
83,The Wolf of Wall Street,Martin Scorsese,"Leonardo DiCaprio, Jonah Hill, Margot Robbie,Matthew McConaughey"
84,Gone Girl,David Fincher,"Ben Affleck, Rosamund Pike, Neil Patrick Harris,Tyler Perry"
85,Furious Seven,James Wan,"Vin Diesel, Paul Walker, Dwayne Johnson, Jason Statham"
86,Jurassic World,Colin Trevorrow,"Chris Pratt, Bryce Dallas Howard, Ty Simpkins,Judy Greer"
87,Live by Night,Ben Affleck,"Ben Affleck, Elle Fanning, Brendan Gleeson, Chris Messina"
88,Avatar,James Cameron,"Sam Worthington, Zoe Saldana, Sigourney Weaver, Michelle Rodriguez"
89,The Hateful Eight,Quentin Tarantino,"Samuel L. Jackson, Kurt Russell, Jennifer Jason Leigh, Walton Goggins"
90,The Accountant,Gavin O'Connor,"Ben Affleck, Anna Kendrick, J.K. Simmons, Jon Bernthal"
91,Prisoners,Denis Villeneuve,"Hugh Jackman, Jake Gyllenhaal, Viola Davis,Melissa Leo"
92,Warcraft,Duncan Jones,"Travis Fimmel, Paula Patton, Ben Foster, Dominic Cooper"
93,The Help,Tate Taylor,"Emma Stone, Viola Davis, Octavia Spencer, Bryce Dallas Howard"
94,War Dogs,Todd Phillips,"Jonah Hill, Miles Teller, Steve Lantz, Gregg Weiner"
95,Avengers: Age of Ultron,Joss Whedon,"Robert Downey Jr., Chris Evans, Mark Ruffalo, Chris Hemsworth"
96,The Nice Guys,Shane Black,"Russell Crowe, Ryan Gosling, Angourie Rice, Matt Bomer"
97,Kimi no na wa,Makoto Shinkai,"Ryûnosuke Kamiki, Mone Kamishiraishi, Ryô Narita, Aoi Yuki"
98,The Void,Jeremy Gillespie,"Aaron Poole, Kenneth Welsh,Daniel Fathers, Kathleen Munroe"
99,Personal Shopper,Olivier Assayas,"Kristen Stewart, Lars Eidinger, Sigrid Bouaziz,Anders Danielsen Lie"
100,The Departed,Martin Scorsese,"Leonardo DiCaprio, Matt Damon, Jack Nicholson, Mark Wahlberg"
101,Legend,Brian Helgeland,"Tom Hardy, Emily Browning, Taron Egerton, Paul Anderson"
102,Thor,Kenneth Branagh,"Chris Hemsworth, Anthony Hopkins, Natalie Portman, Tom Hiddleston"
103,The Martian,Ridley Scott,"Matt Damon, Jessica Chastain, Kristen Wiig, Kate Mara"
104,Contratiempo,Oriol Paulo,"Mario Casas, Ana Wagener, José Coronado, Bárbara Lennie"
105,The Man from U.N.C.L.E.,Guy Ritchie,"Henry Cavill, Armie Hammer, Alicia Vikander, Elizabeth Debicki"
106,Hell or High Water,David Mackenzie,"Chris Pine, Ben Foster, Jeff Bridges, Gil Birmingham"
107,The Comedian,Taylor Hackford,"Robert De Niro, Leslie Mann, Danny DeVito, Edie Falco"
108,The Legend of Tarzan,David Yates,"Alexander Skarsgård, Rory J. Saper, Christian Stevens, Christoph Waltz"
109,All We Had,Katie Holmes,"Eve Lindley, Richard Kind, Mark Consuelos, Katherine Reis"
110,Ex Machina,Alex Garland,"Alicia Vikander, Domhnall Gleeson, Oscar Isaac,Sonoya Mizuno"
111,The Belko Experiment,Greg McLean,"John Gallagher Jr., Tony Goldwyn, Adria Arjona, John C. McGinley"
112,12 Years a Slave,Steve McQueen,"Chiwetel Ejiofor, Michael Kenneth Williams, Michael Fassbender, Brad Pitt"
113,The Bad Batch,Ana Lily Amirpour,"Keanu Reeves, Jason Momoa, Jim Carrey, Diego Luna"
114,300,Zack Snyder,"Gerard Butler, Lena Headey, David Wenham, Dominic West"
115,Harry Potter and the Deathly Hallows: Part 2,David Yates,"Daniel Radcliffe, Emma Watson, Rupert Grint, Michael Gambon"
116,Office Christmas Party,Josh Gordon,"Jason Bateman, Olivia Munn, T.J. Miller,Jennifer Aniston"
117,The Neon Demon,Nicolas Winding Refn,"Elle Fanning, Christina Hendricks, Keanu Reeves, Karl Glusman"
118,Dangal,Nitesh Tiwari,"Aamir Khan, Sakshi Tanwar, Fatima Sana Shaikh,Sanya Malhotra"
119,10 Cloverfield Lane,Dan Trachtenberg,"John Goodman, Mary Elizabeth Winstead, John Gallagher Jr., Douglas M. Griffin"
120,Finding Dory,Andrew Stanton,"Ellen DeGeneres, Albert Brooks,Ed O'Neill, Kaitlin Olson"
121,Miss Peregrine's Home for Peculiar Children,Tim Burton,"Eva Green, Asa Butterfield, Samuel L. Jackson, Judi Dench"
122,Divergent,Neil Burger,"Shailene Woodley, Theo James, Kate Winslet, Jai Courtney"
123,Mike and Dave Need Wedding Dates,Jake Szymanski,"Zac Efron, Adam Devine, Anna Kendrick, Aubrey Plaza"
124,Boyka: Undisputed IV,Todor Chapkanov,"Scott Adkins, Teodora Duhovnikova, Alon Aboutboul, Julian Vergov"
125,The Dark Knight Rises,Christopher Nolan,"Christian Bale, Tom Hardy, Anne Hathaway,Gary Oldman"
126,The Jungle Book,Jon Favreau,"Neel Sethi, Bill Murray, Ben Kingsley, Idris Elba"
127,Transformers: Age of Extinction,Michael Bay,"Mark Wahlberg, Nicola Peltz, Jack Reynor, Stanley Tucci"
128,Nerve,Henry Joost,"Emma Roberts, Dave Franco, Emily Meade, Miles Heizer"
129,Mamma Mia!,Phyllida Lloyd,"Meryl Streep, Pierce Brosnan, Amanda Seyfried,Stellan Skarsgård"
130,The Revenant,Alejandro González Iñárritu,"Leonardo DiCaprio, Tom Hardy, Will Poulter, Domhnall Gleeson"
131,Fences,Denzel Washington,"Denzel Washington, Viola Davis, Stephen Henderson, Jovan Adepo"
132,Into the Woods,Rob Marshall,"Anna Kendrick, Meryl Streep, Chris Pine, Emily Blunt"
133,The Shallows,Jaume Collet-Serra,"Blake Lively, Óscar Jaenada, Angelo Josue Lozano Corzo, Brett Cullen"
134,Whiplash,Damien Chazelle,"Miles Teller, J.K. Simmons, Melissa Benoist, Paul Reiser"
135,Furious 6,Justin Lin,"Vin Diesel, Paul Walker, Dwayne Johnson, Michelle Rodriguez"
136,The Place Beyond the Pines,Derek Cianfrance,"Ryan Gosling, Bradley Cooper, Eva Mendes,Craig Van Hook"
137,No Country for Old Men,Ethan Coen,"Tommy Lee Jones, Javier Bardem, Josh Brolin, Woody Harrelson"
138,The Great Gatsby,Baz Luhrmann,"Leonardo DiCaprio, Carey Mulligan, Joel Edgerton,Tobey Maguire"
139,Shutter Island,Martin Scorsese,"Leonardo DiCaprio, Emily Mortimer, Mark Ruffalo,Ben Kingsley"
140,Brimstone,Martin Koolhoven,"Dakota Fanning, Guy Pearce, Kit Harington,Carice van Houten"
141,Star Trek,J.J. Abrams,"Chris Pine, Zachary Quinto, Simon Pegg, Leonard Nimoy"
142,Diary of a Wimpy Kid,Thor Freudenthal,"Zachary Gordon, Robert Capron, Rachael Harris,Steve Zahn"
143,The Big Short,Adam McKay,"Christian Bale, Steve Carell, Ryan Gosling, Brad Pitt"
144,Room,Lenny Abrahamson,"Brie Larson, Jacob Tremblay, Sean Bridgers,Wendy Crewson"
145,Django Unchained,Quentin Tarantino,"Jamie Foxx, Christoph Waltz, Leonardo DiCaprio,Kerry Washington"
146,Ah-ga-ssi,Chan-wook Park,"Min-hee Kim, Jung-woo Ha, Jin-woong Jo, So-ri Moon"
147,The Edge of Seventeen,Kelly Fremon Craig,"Hailee Steinfeld, Haley Lu Richardson, Blake Jenner, Kyra Sedgwick"
148,Watchmen,Zack Snyder,"Jackie Earle Haley, Patrick Wilson, Carla Gugino,Malin Akerman"
149,Superbad,Greg Mottola,"Michael Cera, Jonah Hill, Christopher Mintz-Plasse, Bill Hader"
150,Inferno,Ron Howard,"Tom Hanks, Felicity Jones, Irrfan Khan, Ben Foster"
151,The BFG,Steven Spielberg,"Mark Rylance, Ruby Barnhill, Penelope Wilton,Jemaine Clement"
152,The Hunger Games,Gary Ross,"Jennifer Lawrence, Josh Hutcherson, Liam Hemsworth,Stanley Tucci"
153,White Girl,Elizabeth Wood,"Morgan Saylor, Brian Marc, Justin Bartha, Adrian Martinez"
154,Sicario,Denis Villeneuve,"Emily Blunt, Josh Brolin, Benicio Del Toro, Jon Bernthal"
155,Twin Peaks: The Missing Pieces,David Lynch,"Chris Isaak, Kiefer Sutherland, C.H. Evans, Sandra Kinder"
156,Aliens vs Predator - Requiem,Colin Strause,"Reiko Aylesworth, Steven Pasquale,Shareeka Epps, John Ortiz"
157,Pacific Rim,Guillermo del Toro,"Idris Elba, Charlie Hunnam, Rinko Kikuchi,Charlie Day"
158,"Crazy, Stupid, Love.",Glenn Ficarra,"Steve Carell, Ryan Gosling, Julianne Moore, Emma Stone"
159,Scott Pilgrim vs. the World,Edgar Wright,"Michael Cera, Mary Elizabeth Winstead, Kieran Culkin, Alison Pill"
160,Hot Fuzz,Edgar Wright,"Simon Pegg, Nick Frost, Martin Freeman, Bill Nighy"
161,Mine,Fabio Guaglione,"Armie Hammer, Annabelle Wallis,Tom Cullen, Clint Dyer"
162,Free Fire,Ben Wheatley,"Sharlto Copley, Brie Larson, Armie Hammer, Cillian Murphy"
163,X-Men: Days of Future Past,Bryan Singer,"Patrick Stewart, Ian McKellen, Hugh Jackman, James McAvoy"
164,Jack Reacher: Never Go Back,Edward Zwick,"Tom Cruise, Cobie Smulders, Aldis Hodge, Robert Knepper"
165,Casino Royale,Martin Campbell,"Daniel Craig, Eva Green, Judi Dench, Jeffrey Wright"
166,Twilight,Catherine Hardwicke,"Kristen Stewart, Robert Pattinson, Billy Burke,Sarah Clarke"
167,Now You See Me 2,Jon M. Chu,"Jesse Eisenberg, Mark Ruffalo, Woody Harrelson, Dave Franco"
168,Woman in Gold,Simon Curtis,"Helen Mirren, Ryan Reynolds, Daniel Brühl, Katie Holmes"
169,13 Hours,Michael Bay,"John Krasinski, Pablo Schreiber, James Badge Dale,David Denman"
170,Spectre,Sam Mendes,"Daniel Craig, Christoph Waltz, Léa Seydoux, Ralph Fiennes"
171,Nightcrawler,Dan Gilroy,"Jake Gyllenhaal, Rene Russo, Bill Paxton, Riz Ahmed"
172,Kubo and the Two Strings,Travis Knight,"Charlize Theron, Art Parkinson, Matthew McConaughey, Ralph Fiennes"
173,Beyond the Gates,Jackson Stewart,"Graham Skipper, Chase Williamson, Brea Grant,Barbara Crampton"
174,Her,Spike Jonze,"Joaquin Phoenix, Amy Adams, Scarlett Johansson,Rooney Mara"
175,Frozen,Chris Buck,"Kristen Bell, Idina Menzel, Jonathan Groff, Josh Gad"
176,Tomorrowland,Brad Bird,"George Clooney, Britt Robertson, Hugh Laurie, Raffey Cassidy"
177,Dawn of the Planet of the Apes,Matt Reeves,"Gary Oldman, Keri Russell, Andy Serkis, Kodi Smit-McPhee"
178,Tropic Thunder,Ben Stiller,"Ben Stiller, Jack Black, Robert Downey Jr., Jeff Kahn"
179,The Conjuring 2,James Wan,"Vera Farmiga, Patrick Wilson, Madison Wolfe, Frances O'Connor"
180,Ant-Man,Peyton Reed,"Paul Rudd, Michael Douglas, Corey Stoll, Evangeline Lilly"
181,Bridget Jones's Baby,Sharon Maguire,"Renée Zellweger, Gemma Jones, Jim Broadbent,Sally Phillips"
182,The VVitch: A New-England Folktale,Robert Eggers,"Anya Taylor-Joy, Ralph Ineson, Kate Dickie, Julian Richings"
183,Cinderella,Kenneth Branagh,"Lily James, Cate Blanchett, Richard Madden,Helena Bonham Carter"
184,Realive,Mateo Gil,"Tom Hughes, Charlotte Le Bon, Oona Chaplin, Barry Ward"
185,Forushande,Asghar Farhadi,"Taraneh Alidoosti, Shahab Hosseini, Babak Karimi,Farid Sajjadi Hosseini"
186,Love,Gaspar Noé,"Aomi Muyock, Karl Glusman, Klara Kristin, Juan Saavedra"
187,Billy Lynn's Long Halftime Walk,Ang Lee,"Joe Alwyn, Garrett Hedlund, Arturo Castro, Mason Lee"
188,Crimson Peak,Guillermo del Toro,"Mia Wasikowska, Jessica Chastain, Tom Hiddleston, Charlie Hunnam"
189,Drive,Nicolas Winding Refn,"Ryan Gosling, Carey Mulligan, Bryan Cranston, Albert Brooks"
190,Trainwreck,Judd Apatow,"Amy Schumer, Bill Hader, Brie Larson, Colin Quinn"
191,The Light Between Oceans,Derek Cianfrance,"Michael Fassbender, Alicia Vikander, Rachel Weisz, Florence Clery"
192,Below Her Mouth,April Mullen,"Erika Linder, Natalie Krill, Sebastian Pigott, Mayko Nguyen"
193,Spotlight,Tom McCarthy,"Mark Ruffalo, Michael Keaton, Rachel McAdams, Liev Schreiber"
194,Morgan,Luke Scott,"Kate Mara, Anya Taylor-Joy, Rose Leslie, Michael Yare"
195,Warrior,Gavin O'Connor,"Tom Hardy, Nick Nolte, Joel Edgerton, Jennifer Morrison"
196,Captain America: The First Avenger,Joe Johnston,"Chris Evans, Hugo Weaving, Samuel L. Jackson,Hayley Atwell"
197,Hacker,Akan Satayev,"Callan McAuliffe, Lorraine Nicholson, Daniel Eric Gold, Clifton Collins Jr."
198,Into the Wild,Sean Penn,"Emile Hirsch, Vince Vaughn, Catherine Keener, Marcia Gay Harden"
199,The Imitation Game,Morten Tyldum,"Benedict Cumberbatch, Keira Knightley, Matthew Goode, Allen Leech"
200,Central Intelligence,Rawson Marshall Thurber,"Dwayne Johnson, Kevin Hart, Danielle Nicolet, Amy Ryan"
201,Edge of Tomorrow,Doug Liman,"Tom Cruise, Emily Blunt, Bill Paxton, Brendan Gleeson"
202,A Cure for Wellness,Gore Verbinski,"Dane DeHaan, Jason Isaacs, Mia Goth, Ivo Nandi"
203,Snowden,Oliver Stone,"Joseph Gordon-Levitt, Shailene Woodley, Melissa Leo,Zachary Quinto"
204,Iron Man,Jon Favreau,"Robert Downey Jr., Gwyneth Paltrow, Terrence Howard, Jeff Bridges"
205,Allegiant,Robert Schwentke,"Shailene Woodley, Theo James, Jeff Daniels,Naomi Watts"
206,X: First Class,Matthew Vaughn,"James McAvoy, Michael Fassbender, Jennifer Lawrence, Kevin Bacon"
207,Raw (II),Julia Ducournau,"Garance Marillier, Ella Rumpf, Rabah Nait Oufella,Laurent Lucas"
208,Paterson,Jim Jarmusch,"Adam Driver, Golshifteh Farahani, Nellie, Rizwan Manji"
209,Bridesmaids,Paul Feig,"Kristen Wiig, Maya Rudolph, Rose Byrne, Terry Crews"
210,The Girl with All the Gifts,Colm McCarthy,"Gemma Arterton, Glenn Close, Dominique Tipper,Paddy Considine"
211,San Andreas,Brad Peyton,"Dwayne Johnson, Carla Gugino, Alexandra Daddario,Colton Haynes"
212,Spring Breakers,Harmony Korine,"Vanessa Hudgens, Selena Gomez, Ashley Benson,Rachel Korine"
213,Transformers,Michael Bay,"Shia LaBeouf, Megan Fox, Josh Duhamel, Tyrese Gibson"
214,Old Boy,Spike Lee,"Josh Brolin, Elizabeth Olsen, Samuel L. Jackson, Sharlto Copley"
215,Thor: The Dark World,Alan Taylor,"Chris Hemsworth, Natalie Portman, Tom Hiddleston,Stellan Skarsgård"
216,Gods of Egypt,Alex Proyas,"Brenton Thwaites, Nikolaj Coster-Waldau, Gerard Butler, Chadwick Boseman"
217,Captain America: The Winter Soldier,Anthony Russo,"Chris Evans, Samuel L. Jackson,Scarlett Johansson, Robert Redford"
218,Monster Trucks,Chris Wedge,"Lucas Till, Jane Levy, Thomas Lennon, Barry Pepper"
219,A Dark Song,Liam Gavin,"Mark Huberman, Susan Loughnane, Steve Oram,Catherine Walker"
220,Kick-Ass,Matthew Vaughn,"Aaron Taylor-Johnson, Nicolas Cage, Chloë Grace Moretz, Garrett M. Brown"
221,Hardcore Henry,Ilya Naishuller,"Sharlto Copley, Tim Roth, Haley Bennett, Danila Kozlovsky"
222,Cars,John Lasseter,"Owen Wilson, Bonnie Hunt, Paul Newman, Larry the Cable Guy"
223,It Follows,David Robert Mitchell,"Maika Monroe, Keir Gilchrist, Olivia Luccardi,Lili Sepe"
224,The Girl with the Dragon Tattoo,David Fincher,"Daniel Craig, Rooney Mara, Christopher Plummer,Stellan Skarsgård"
225,We're the Millers,Rawson Marshall Thurber,"Jason Sudeikis, Jennifer Aniston, Emma Roberts, Ed Helms"
226,American Honey,Andrea Arnold,"Sasha Lane, Shia LaBeouf, Riley Keough, McCaul Lombardi"
227,The Lobster,Yorgos Lanthimos,"Colin Farrell, Rachel Weisz, Jessica Barden,Olivia Colman"
228,Predators,Nimród Antal,"Adrien Brody, Laurence Fishburne, Topher Grace,Alice Braga"
229,Maleficent,Robert Stromberg,"Angelina Jolie, Elle Fanning, Sharlto Copley,Lesley Manville"
230,Rupture,Steven Shainberg,"Noomi Rapace, Michael Chiklis, Kerry Bishé,Peter Stormare"
231,Pan's Labyrinth,Guillermo del Toro,"Ivana Baquero, Ariadna Gil, Sergi López,Maribel Verdú"
232,A Kind of Murder,Andy Goddard,"Patrick Wilson, Jessica Biel, Haley Bennett, Vincent Kartheiser"
233,Apocalypto,Mel Gibson,"Gerardo Taracena, Raoul Max Trujillo, Dalia Hernández,Rudy Youngblood"
234,Mission: Impossible - Rogue Nation,Christopher McQuarrie,"Tom Cruise, Rebecca Ferguson, Jeremy Renner, Simon Pegg"
235,The Huntsman: Winter's War,Cedric Nicolas-Troyan,"Chris Hemsworth, Jessica Chastain, Charlize Theron, Emily Blunt"
236,The Perks of Being a Wallflower,Stephen Chbosky,"Logan Lerman, Emma Watson, Ezra Miller, Paul Rudd"
237,Jackie,Pablo Larraín,"Natalie Portman, Peter Sarsgaard, Greta Gerwig,Billy Crudup"
238,The Disappointments Room,D.J. Caruso,"Kate Beckinsale, Mel Raido, Duncan Joiner, Lucas Till"
239,The Grand Budapest Hotel,Wes Anderson,"Ralph Fiennes, F. Murray Abraham, Mathieu Amalric,Adrien Brody"
240,The Host,Andrew Niccol,"Saoirse Ronan, Max Irons, Jake Abel, Diane Kruger"
241,Fury,David Ayer,"Brad Pitt, Shia LaBeouf, Logan Lerman, Michael Peña"
242,Inside Out,Pete Docter,"Amy Poehler, Bill Hader, Lewis Black, Mindy Kaling"
243,Rock Dog,Ash Brannon,"Luke Wilson, Eddie Izzard, J.K. Simmons, Lewis Black"
244,Terminator Genisys,Alan Taylor,"Arnold Schwarzenegger, Jason Clarke, Emilia Clarke,Jai Courtney"
245,Percy Jackson & the Olympians: The Lightning Thief,Chris Columbus,"Logan Lerman, Kevin McKidd, Steve Coogan,Brandon T. Jackson"
246,Les Misérables,Tom Hooper,"Hugh Jackman, Russell Crowe, Anne Hathaway,Amanda Seyfried"
247,Children of Men,Alfonso Cuarón,"Julianne Moore, Clive Owen, Chiwetel Ejiofor,Michael Caine"
248,20th Century Women,Mike Mills,"Annette Bening, Elle Fanning, Greta Gerwig, Billy Crudup"
249,Spy,Paul Feig,"Melissa McCarthy, Rose Byrne, Jude Law, Jason Statham"
250,The Intouchables,Olivier Nakache,"François Cluzet, Omar Sy, Anne Le Ny, Audrey Fleurot"
251,Bonjour Anne,Eleanor Coppola,"Diane Lane, Alec Baldwin, Arnaud Viard, Linda Gegusch"
252,Kynodontas,Yorgos Lanthimos,"Christos Stergioglou, Michele Valley, Angeliki Papoulia, Hristos Passalis"
253,Straight Outta Compton,F. Gary Gray,"O'Shea Jackson Jr., Corey Hawkins, Jason Mitchell,Neil Brown Jr."
254,The Amazing Spider-Man 2,Marc Webb,"Andrew Garfield, Emma Stone, Jamie Foxx, Paul Giamatti"
255,The Conjuring,James Wan,"Patrick Wilson, Vera Farmiga, Ron Livingston, Lili Taylor"
256,The Hangover,Todd Phillips,"Zach Galifianakis, Bradley Cooper, Justin Bartha, Ed Helms"
257,Battleship,Peter Berg,"Alexander Skarsgård, Brooklyn Decker, Liam Neeson,Rihanna"
258,Rise of the Planet of the Apes,Rupert Wyatt,"James Franco, Andy Serkis, Freida Pinto, Karin Konoval"
259,Lights Out,David F. Sandberg,"Teresa Palmer, Gabriel Bateman, Maria Bello,Billy Burke"
260,Norman: The Moderate Rise and Tragic Fall of a New York Fixer,Joseph Cedar,"Richard Gere, Lior Ashkenazi, Michael Sheen,Charlotte Gainsbourg"
261,Birdman or (The Unexpected Virtue of Ignorance),Alejandro González Iñárritu,"Michael Keaton, Zach Galifianakis,Edward Norton, Andrea Riseborough"
262,Black Swan,Darren Aronofsky,"Natalie Portman, Mila Kunis, Vincent Cassel,Winona Ryder"
263,Dear White People,Justin Simien,"Tyler James Williams, Tessa Thompson, Kyle Gallner,Teyonah Parris"
264,Nymphomaniac: Vol. I,Lars von Trier,"Charlotte Gainsbourg, Stellan Skarsgård, Stacy Martin, Shia LaBeouf"
265,Teenage Mutant Ninja Turtles: Out of the Shadows,Dave Green,"Megan Fox, Will Arnett, Tyler Perry, Laura Linney"
266,Knock Knock,Eli Roth,"Keanu Reeves, Lorenza Izzo, Ana de Armas, Aaron Burns"
267,Dirty Grandpa,Dan Mazer,"Robert De Niro, Zac Efron, Zoey Deutch, Aubrey Plaza"
268,Cloud Atlas,Tom Tykwer,"Tom Hanks, Halle Berry, Hugh Grant, Hugo Weaving"
269,X-Men Origins: Wolverine,Gavin Hood,"Hugh Jackman, Liev Schreiber, Ryan Reynolds, Danny Huston"
270,Satanic,Jeffrey G. Hunt,"Sarah Hyland, Steven Krueger, Justin Chon, Clara Mamet"
271,Skyfall,Sam Mendes,"Daniel Craig, Javier Bardem, Naomie Harris, Judi Dench"
272,The Hobbit: An Unexpected Journey,Peter Jackson,"Martin Freeman, Ian McKellen, Richard Armitage,Andy Serkis"
273,21 Jump Street,Phil Lord,"Jonah Hill, Channing Tatum, Ice Cube,Brie Larson"
274,Sing Street,John Carney,"Ferdia Walsh-Peelo, Aidan Gillen, Maria Doyle Kennedy, Jack Reynor"
275,Ballerina,Eric Summer,"Elle Fanning, Dane DeHaan, Carly Rae Jepsen, Maddie Ziegler"
276,Oblivion,Joseph Kosinski,"Tom Cruise, Morgan Freeman, Andrea Riseborough, Olga Kurylenko"
277,22 Jump Street,Phil Lord,"Channing Tatum, Jonah Hill, Ice Cube,Nick Offerman"
278,Zodiac,David Fincher,"Jake Gyllenhaal, Robert Downey Jr., Mark Ruffalo,Anthony Edwards"
279,Everybody Wants Some!!,Richard Linklater,"Blake Jenner, Tyler Hoechlin, Ryan Guzman,Zoey Deutch"
280,Iron Man Three,Shane Black,"Robert Downey Jr., Guy Pearce, Gwyneth Paltrow,Don Cheadle"
281,Now You See Me,Louis Leterrier,"Jesse Eisenberg, Common, Mark Ruffalo, Woody Harrelson"
282,Sherlock Holmes,Guy Ritchie,"Robert Downey Jr., Jude Law, Rachel McAdams, Mark Strong"
283,Death Proof,Quentin Tarantino,"Kurt Russell, Zoë Bell, Rosario Dawson, Vanessa Ferlito"
284,The Danish Girl,Tom Hooper,"Eddie Redmayne, Alicia Vikander, Amber Heard, Ben Whishaw"
285,Hercules,Brett Ratner,"Dwayne Johnson, John Hurt, Ian McShane, Joseph Fiennes"
286,Sucker Punch,Zack Snyder,"Emily Browning, Vanessa Hudgens, Abbie Cornish,Jena Malone"
287,Keeping Up with the Joneses,Greg Mottola,"Zach Galifianakis, Isla Fisher, Jon Hamm, Gal Gadot"
288,Jupiter Ascending,Lana Wachowski,"Channing Tatum, Mila Kunis,Eddie Redmayne, Sean Bean"
289,Masterminds,Jared Hess,"Zach Galifianakis, Kristen Wiig, Owen Wilson, Ross Kimball"
290,Iris,Jalil Lespert,"Romain Duris, Charlotte Le Bon, Jalil Lespert, Camille Cottin"
291,Busanhaeng,Sang-ho Yeon,"Yoo Gong, Soo-an Kim, Yu-mi Jung, Dong-seok Ma"
292,Pitch Perfect,Jason Moore,"Anna Kendrick, Brittany Snow, Rebel Wilson, Anna Camp"
293,Neighbors 2: Sorority Rising,Nicholas Stoller,"Seth Rogen, Rose Byrne, Zac Efron, Chloë Grace Moretz"
294,The Exception,David Leveaux,"Lily James, Jai Courtney, Christopher Plummer, Loïs van Wijk"
295,Man of Steel,Zack Snyder,"Henry Cavill, Amy Adams, Michael Shannon, Diane Lane"
296,The Choice,Ross Katz,"Benjamin Walker, Teresa Palmer, Alexandra Daddario,Maggie Grace"
297,Ice Age: Collision Course,Mike Thurmeier,"Ray Romano, Denis Leary, John Leguizamo, Chris Wedge"
298,The Devil Wears Prada,David Frankel,"Anne Hathaway, Meryl Streep, Adrian Grenier, Emily Blunt"
299,The Infiltrator,Brad Furman,"Bryan Cranston, John Leguizamo, Diane Kruger, Amy Ryan"
300,There Will Be Blood,Paul Thomas Anderson,"Daniel Day-Lewis, Paul Dano, Ciarán Hinds,Martin Stringer"
301,The Equalizer,Antoine Fuqua,"Denzel Washington, Marton Csokas, Chloë Grace Moretz, David Harbour"
302,Lone Survivor,Peter Berg,"Mark Wahlberg, Taylor Kitsch, Emile Hirsch, Ben Foster"
303,The Cabin in the Woods,Drew Goddard,"Kristen Connolly, Chris Hemsworth, Anna Hutchison,Fran Kranz"
304,The House Bunny,Fred Wolf,"Anna Faris, Colin Hanks, Emma Stone, Kat Dennings"
305,She's Out of My League,Jim Field Smith,"Jay Baruchel, Alice Eve, T.J. Miller, Mike Vogel"
306,Inherent Vice,Paul Thomas Anderson,"Joaquin Phoenix, Josh Brolin, Owen Wilson,Katherine Waterston"
307,Alice Through the Looking Glass,James Bobin,"Mia Wasikowska, Johnny Depp, Helena Bonham Carter, Anne Hathaway"
308,Vincent N Roxxy,Gary Michael Schultz,"Emile Hirsch, Zoë Kravitz, Zoey Deutch,Emory Cohen"
309,The Fast and the Furious: Tokyo Drift,Justin Lin,"Lucas Black, Zachery Ty Bryan, Shad Moss, Damien Marzette"
310,How to Be Single,Christian Ditter,"Dakota Johnson, Rebel Wilson, Leslie Mann, Alison Brie"
311,The Blind Side,John Lee Hancock,"Quinton Aaron, Sandra Bullock, Tim McGraw,Jae Head"
312,La vie d'Adèle,Abdellatif Kechiche,"Léa Seydoux, Adèle Exarchopoulos, Salim Kechiouche, Aurélien Recoing"
313,The Babadook,Jennifer Kent,"Essie Davis, Noah Wiseman, Daniel Henshall, Hayley McElhinney"
314,The Hobbit: The Battle of the Five Armies,Peter Jackson,"Ian McKellen, Martin Freeman, Richard Armitage,Cate Blanchett"
315,Harry Potter and the Order of the Phoenix,David Yates,"Daniel Radcliffe, Emma Watson, Rupert Grint, Brendan Gleeson"
316,Snowpiercer,Bong Joon Ho,"Chris Evans, Jamie Bell, Tilda Swinton, Ed Harris"
317,The 5th Wave,J Blakeson,"Chloë Grace Moretz, Matthew Zuk, Gabriela Lopez,Bailey Anne Borders"
318,The Stakelander,Dan Berk,"Connor Paolo, Nick Damici, Laura Abramsen, A.C. Peterson"
319,The Visit,M. Night Shyamalan,"Olivia DeJonge, Ed Oxenbould, Deanna Dunagan, Peter McRobbie"
320,Fast Five,Justin Lin,"Vin Diesel, Paul Walker, Dwayne Johnson, Jordana Brewster"
321,Step Up,Anne Fletcher,"Channing Tatum, Jenna Dewan Tatum, Damaine Radcliff, De'Shawn Washington"
322,Lovesong,So Yong Kim,"Riley Keough, Jena Malone, Jessie Ok Gray, Cary Joji Fukunaga"
323,RocknRolla,Guy Ritchie,"Gerard Butler, Tom Wilkinson, Idris Elba, Thandie Newton"
324,In Time,Andrew Niccol,"Justin Timberlake, Amanda Seyfried, Cillian Murphy,Olivia Wilde"
325,The Social Network,David Fincher,"Jesse Eisenberg, Andrew Garfield, Justin Timberlake,Rooney Mara"
326,The Last Witch Hunter,Breck Eisner,"Vin Diesel, Rose Leslie, Elijah Wood, Ólafur Darri Ólafsson"
327,Victor Frankenstein,Paul McGuigan,"Daniel Radcliffe, James McAvoy, Jessica Brown Findlay, Andrew Scott"
328,A Street Cat Named Bob,Roger Spottiswoode,"Luke Treadaway, Bob the Cat, Ruta Gedmintas, Joanne Froggatt"
329,Green Room,Jeremy Saulnier,"Anton Yelchin, Imogen Poots, Alia Shawkat,Patrick Stewart"
330,Blackhat,Michael Mann,"Chris Hemsworth, Viola Davis, Wei Tang, Leehom Wang"
331,Storks,Nicholas Stoller,"Andy Samberg, Katie Crown,Kelsey Grammer, Jennifer Aniston"
332,American Sniper,Clint Eastwood,"Bradley Cooper, Sienna Miller, Kyle Gallner, Cole Konis"
333,Dallas Buyers Club,Jean-Marc Vallée,"Matthew McConaughey, Jennifer Garner, Jared Leto, Steve Zahn"
334,Lincoln,Steven Spielberg,"Daniel Day-Lewis, Sally Field, David Strathairn,Joseph Gordon-Levitt"
335,Rush,Ron Howard,"Daniel Brühl, Chris Hemsworth, Olivia Wilde,Alexandra Maria Lara"
336,Before I Wake,Mike Flanagan,"Kate Bosworth, Thomas Jane, Jacob Tremblay,Annabeth Gish"
337,Silver Linings Playbook,David O. Russell,"Bradley Cooper, Jennifer Lawrence, Robert De Niro, Jacki Weaver"
338,Tracktown,Alexi Pappas,"Alexi Pappas, Chase Offerle, Rachel Dratch, Andy Buckley"
339,The Fault in Our Stars,Josh Boone,"Shailene Woodley, Ansel Elgort, Nat Wolff, Laura Dern"
340,Blended,Frank Coraci,"Adam Sandler, Drew Barrymore, Wendi McLendon-Covey, Kevin Nealon"
341,Fast & Furious,Justin Lin,"Vin Diesel, Paul Walker, Michelle Rodriguez, Jordana Brewster"
342,Looper,Rian Johnson,"Joseph Gordon-Levitt, Bruce Willis, Emily Blunt, Paul Dano"
343,White House Down,Roland Emmerich,"Channing Tatum, Jamie Foxx, Maggie Gyllenhaal,Jason Clarke"
344,Pete's Dragon,David Lowery,"Bryce Dallas Howard, Robert Redford, Oakes Fegley,Oona Laurence"
345,Spider-Man 3,Sam Raimi,"Tobey Maguire, Kirsten Dunst, Topher Grace, Thomas Haden Church"
346,The Three Musketeers,Paul W.S. Anderson,"Logan Lerman, Matthew Macfadyen, Ray Stevenson, Milla Jovovich"
347,Stardust,Matthew Vaughn,"Charlie Cox, Claire Danes, Sienna Miller, Ian McKellen"
348,American Hustle,David O. Russell,"Christian Bale, Amy Adams, Bradley Cooper,Jennifer Lawrence"
349,Jennifer's Body,Karyn Kusama,"Megan Fox, Amanda Seyfried, Adam Brody, Johnny Simmons"
350,Midnight in Paris,Woody Allen,"Owen Wilson, Rachel McAdams, Kathy Bates, Kurt Fuller"
351,Lady Macbeth,William Oldroyd,"Florence Pugh, Christopher Fairbank, Cosmo Jarvis, Naomi Ackie"
352,Joy,David O. Russell,"Jennifer Lawrence, Robert De Niro, Bradley Cooper, Edgar Ramírez"
353,The Dressmaker,Jocelyn Moorhouse,"Kate Winslet, Judy Davis, Liam Hemsworth,Hugo Weaving"
354,Café Society,Woody Allen,"Jesse Eisenberg, Kristen Stewart, Steve Carell, Blake Lively"
355,Insurgent,Robert Schwentke,"Shailene Woodley, Ansel Elgort, Theo James,Kate Winslet"
356,Seventh Son,Sergei Bodrov,"Ben Barnes, Julianne Moore, Jeff Bridges, Alicia Vikander"
357,Demain tout commence,Hugo Gélin,"Omar Sy, Clémence Poésy, Antoine Bertrand, Ashley Walters"
358,The Theory of Everything,James Marsh,"Eddie Redmayne, Felicity Jones, Tom Prior, Sophie Perry"
359,This Is the End,Evan Goldberg,"James Franco, Jonah Hill, Seth Rogen,Jay Baruchel"
360,About Time,Richard Curtis,"Domhnall Gleeson, Rachel McAdams, Bill Nighy,Lydia Wilson"
361,Step Brothers,Adam McKay,"Will Ferrell, John C. Reilly, Mary Steenburgen,Richard Jenkins"
362,Clown,Jon Watts,"Andy Powers, Laura Allen, Peter Stormare, Christian Distefano"
363,Star Trek Into Darkness,J.J. Abrams,"Chris Pine, Zachary Quinto, Zoe Saldana, Benedict Cumberbatch"
364,Zombieland,Ruben Fleischer,"Jesse Eisenberg, Emma Stone, Woody Harrelson,Abigail Breslin"
365,"Hail, Caesar!",Ethan Coen,"Josh Brolin, George Clooney, Alden Ehrenreich, Ralph Fiennes"
366,Slumdog Millionaire,Danny Boyle,"Dev Patel, Freida Pinto, Saurabh Shukla, Anil Kapoor"
367,The Twilight Saga: Breaking Dawn - Part 2,Bill Condon,"Kristen Stewart, Robert Pattinson, Taylor Lautner, Peter Facinelli"
368,American Wrestler: The Wizard,Alex Ranarivelo,"William Fichtner, Jon Voight, Lia Marie Johnson,Gabriel Basso"
369,The Amazing Spider-Man,Marc Webb,"Andrew Garfield, Emma Stone, Rhys Ifans, Irrfan Khan"
370,Ben-Hur,Timur Bekmambetov,"Jack Huston, Toby Kebbell, Rodrigo Santoro,Nazanin Boniadi"
371,Sleight,J.D. Dillard,"Jacob Latimore, Seychelle Gabriel, Dulé Hill, Storm Reid"
372,The Maze Runner,Wes Ball,"Dylan O'Brien, Kaya Scodelario, Will Poulter, Thomas Brodie-Sangster"
373,Criminal,Ariel Vromen,"Kevin Costner, Ryan Reynolds, Gal Gadot, Gary Oldman"
374,Wanted,Timur Bekmambetov,"Angelina Jolie, James McAvoy, Morgan Freeman, Terence Stamp"
375,Florence Foster Jenkins,Stephen Frears,"Meryl Streep, Hugh Grant, Simon Helberg, Rebecca Ferguson"
376,Collide,Eran Creevy,"Nicholas Hoult, Felicity Jones, Anthony Hopkins, Ben Kingsley"
377,Black Mass,Scott Cooper,"Johnny Depp, Benedict Cumberbatch, Dakota Johnson, Joel Edgerton"
378,Creed,Ryan Coogler,"Michael B. Jordan, Sylvester Stallone, Tessa Thompson, Phylicia Rashad"
379,Swiss Army Man,Dan Kwan,"Paul Dano, Daniel Radcliffe, Mary Elizabeth Winstead, Antonia Ribero"
380,The Expendables 3,Patrick Hughes,"Sylvester Stallone, Jason Statham, Jet Li, Antonio Banderas"
381,What We Do in the Shadows,Jemaine Clement,"Jemaine Clement, Taika Waititi,Cori Gonzalez-Macuer, Jonny Brugh"
382,Southpaw,Antoine Fuqua,"Jake Gyllenhaal, Rachel McAdams, Oona Laurence,Forest Whitaker"
383,Hush,Mike Flanagan,"John Gallagher Jr., Kate Siegel, Michael Trucco,Samantha Sloyan"
384,Bridge of Spies,Steven Spielberg,"Tom Hanks, Mark Rylance, Alan Alda, Amy Ryan"
385,The Lego Movie,Phil Lord,"Chris Pratt, Will Ferrell, Elizabeth Banks, Will Arnett"
386,Everest,Baltasar Kormákur,"Jason Clarke, Ang Phula Sherpa, Thomas M. Wright, Martin Henderson"
387,Pixels,Chris Columbus,"Adam Sandler, Kevin James, Michelle Monaghan,Peter Dinklage"
388,Robin Hood,Ridley Scott,"Russell Crowe, Cate Blanchett, Matthew Macfadyen,Max von Sydow"
389,The Wolverine,James Mangold,"Hugh Jackman, Will Yun Lee, Tao Okamoto, Rila Fukushima"
390,John Carter,Andrew Stanton,"Taylor Kitsch, Lynn Collins, Willem Dafoe,Samantha Morton"
391,Keanu,Peter Atencio,"Keegan-Michael Key, Jordan Peele, Tiffany Haddish,Method Man"
392,The Gunman,Pierre Morel,"Sean Penn, Idris Elba, Jasmine Trinca, Javier Bardem"
393,Steve Jobs,Danny Boyle,"Michael Fassbender, Kate Winslet, Seth Rogen, Jeff Daniels"
394,Whisky Galore,Gillies MacKinnon,"Tim Pigott-Smith, Naomi Battrick, Ellie Kendrick,James Cosmo"
395,Grown Ups 2,Dennis Dugan,"Adam Sandler, Kevin James, Chris Rock, David Spade"
396,The Age of Adaline,Lee Toland Krieger,"Blake Lively, Michiel Huisman, Harrison Ford,Kathy Baker"
397,The Incredible Hulk,Louis Leterrier,"Edward Norton, Liv Tyler, Tim Roth, William Hurt"
398,Couples Retreat,Peter Billingsley,"Vince Vaughn, Malin Akerman, Jon Favreau, Jason Bateman"
399,Absolutely Anything,Terry Jones,"Simon Pegg, Kate Beckinsale, Sanjeev Bhaskar, Rob Riggle"
400,Magic Mike,Steven Soderbergh,"Channing Tatum, Alex Pettyfer, Olivia Munn,Matthew McConaughey"
401,Minions,Kyle Balda,"Sandra Bullock, Jon Hamm, Michael Keaton, Pierre Coffin"
402,The Black Room,Rolfe Kanefsky,"Natasha Henstridge, Lukas Hassel, Lin Shaye,Dominique Swain"
403,Bronson,Nicolas Winding Refn,"Tom Hardy, Kelly Adams, Luing Andrews,Katy Barker"
404,Despicable Me,Pierre Coffin,"Steve Carell, Jason Segel, Russell Brand, Julie Andrews"
405,The Best of Me,Michael Hoffman,"James Marsden, Michelle Monaghan, Luke Bracey,Liana Liberato"
406,The Invitation,Karyn Kusama,"Logan Marshall-Green, Emayatzy Corinealdi, Michiel Huisman, Tammy Blanchard"
407,Zero Dark Thirty,Kathryn Bigelow,"Jessica Chastain, Joel Edgerton, Chris Pratt, Mark Strong"
408,Tangled,Nathan Greno,"Mandy Moore, Zachary Levi, Donna Murphy, Ron Perlman"
409,The Hunger Games: Mockingjay - Part 2,Francis Lawrence,"Jennifer Lawrence, Josh Hutcherson, Liam Hemsworth, Woody Harrelson"
410,Vacation,John Francis Daley,"Ed Helms, Christina Applegate, Skyler Gisondo, Steele Stebbins"
411,Taken,Pierre Morel,"Liam Neeson, Maggie Grace, Famke Janssen, Leland Orser"
412,Pitch Perfect 2,Elizabeth Banks,"Anna Kendrick, Rebel Wilson, Hailee Steinfeld,Brittany Snow"
413,Monsters University,Dan Scanlon,"Billy Crystal, John Goodman, Steve Buscemi, Helen Mirren"
414,Elle,Paul Verhoeven,"Isabelle Huppert, Laurent Lafitte, Anne Consigny,Charles Berling"
415,Mechanic: Resurrection,Dennis Gansel,"Jason Statham, Jessica Alba, Tommy Lee Jones,Michelle Yeoh"
416,Tusk,Kevin Smith,"Justin Long, Michael Parks, Haley Joel Osment,Genesis Rodriguez"
417,The Headhunter's Calling,Mark Williams,"Alison Brie, Gerard Butler, Willem Dafoe, Gretchen Mol"
418,Atonement,Joe Wright,"Keira Knightley, James McAvoy, Brenda Blethyn,Saoirse Ronan"
419,Harry Potter and the Deathly Hallows: Part 1,David Yates,"Daniel Radcliffe, Emma Watson, Rupert Grint, Bill Nighy"
420,Shame,Steve McQueen,"Michael Fassbender, Carey Mulligan, James Badge Dale, Lucy Walters"
421,Hanna,Joe Wright,"Saoirse Ronan, Cate Blanchett, Eric Bana, Vicky Krieps"
422,The Babysitters,David Ross,"Lauren Birkell, Paul Borghese, Chira Cassel, Anthony Cirillo"
423,Pride and Prejudice and Zombies,Burr Steers,"Lily James, Sam Riley, Jack Huston, Bella Heathcote"
424,300: Rise of an Empire,Noam Murro,"Sullivan Stapleton, Eva Green, Lena Headey, Hans Matheson"
425,London Has Fallen,Babak Najafi,"Gerard Butler, Aaron Eckhart, Morgan Freeman,Angela Bassett"
426,The Curious Case of Benjamin Button,David Fincher,"Brad Pitt, Cate Blanchett, Tilda Swinton, Julia Ormond"
427,Sin City: A Dame to Kill For,Frank Miller,"Mickey Rourke, Jessica Alba, Josh Brolin, Joseph Gordon-Levitt"
428,The Bourne Ultimatum,Paul Greengrass,"Matt Damon, Edgar Ramírez, Joan Allen, Julia Stiles"
429,Srpski film,Srdjan Spasojevic,"Srdjan 'Zika' Todorovic, Sergej Trifunovic,Jelena Gavrilovic, Slobodan Bestic"
430,The Purge: Election Year,James DeMonaco,"Frank Grillo, Elizabeth Mitchell, Mykelti Williamson, Joseph Julian Soria"
431,3 Idiots,Rajkumar Hirani,"Aamir Khan, Madhavan, Mona Singh, Sharman Joshi"
432,Zoolander 2,Ben Stiller,"Ben Stiller, Owen Wilson, Penélope Cruz, Will Ferrell"
433,World War Z,Marc Forster,"Brad Pitt, Mireille Enos, Daniella Kertesz, James Badge Dale"
434,Mission: Impossible - Ghost Protocol,Brad Bird,"Tom Cruise, Jeremy Renner, Simon Pegg, Paula Patton"
435,Let Me Make You a Martyr,Corey Asraf,"Marilyn Manson, Mark Boone Junior, Sam Quartin, Niko Nicotera"
436,Filth,Jon S. Baird,"James McAvoy, Jamie Bell, Eddie Marsan, Imogen Poots"
437,The Longest Ride,George Tillman Jr.,"Scott Eastwood, Britt Robertson, Alan Alda, Jack Huston"
438,The imposible,J.A. Bayona,"Naomi Watts, Ewan McGregor, Tom Holland, Oaklee Pendergast"
439,Kick-Ass 2,Jeff Wadlow,"Aaron Taylor-Johnson, Chloë Grace Moretz,Christopher Mintz-Plasse, Jim Carrey"
440,Folk Hero & Funny Guy,Jeff Grace,"Alex Karpovsky, Wyatt Russell, Meredith Hagner,Melanie Lynskey"
441,Oz the Great and Powerful,Sam Raimi,"James Franco, Michelle Williams, Rachel Weisz, Mila Kunis"
442,Brooklyn,John Crowley,"Saoirse Ronan, Emory Cohen, Domhnall Gleeson,Jim Broadbent"
443,Coraline,Henry Selick,"Dakota Fanning, Teri Hatcher, John Hodgman, Jennifer Saunders"
444,Blue Valentine,Derek Cianfrance,"Ryan Gosling, Michelle Williams, John Doman,Faith Wladyka"
445,The Thinning,Michael J. Gallagher,"Logan Paul, Peyton List, Lia Marie Johnson,Calum Worthy"
446,Silent Hill,Christophe Gans,"Radha Mitchell, Laurie Holden, Sean Bean,Deborah Kara Unger"
447,Dredd,Pete Travis,"Karl Urban, Olivia Thirlby, Lena Headey, Rachel Wood"
448,Hunt for the Wilderpeople,Taika Waititi,"Sam Neill, Julian Dennison, Rima Te Wiata, Rachel House"
449,Big Hero 6,Don Hall,"Ryan Potter, Scott Adsit, Jamie Chung,T.J. Miller"
450,Carrie,Kimberly Peirce,"Chloë Grace Moretz, Julianne Moore, Gabriella Wilde, Portia Doubleday"
451,Iron Man 2,Jon Favreau,"Robert Downey Jr., Mickey Rourke, Gwyneth Paltrow,Don Cheadle"
452,Demolition,Jean-Marc Vallée,"Jake Gyllenhaal, Naomi Watts, Chris Cooper,Judah Lewis"
453,Pandorum,Christian Alvart,"Dennis Quaid, Ben Foster, Cam Gigandet, Antje Traue"
454,Olympus Has Fallen,Antoine Fuqua,"Gerard Butler, Aaron Eckhart, Morgan Freeman,Angela Bassett"
455,I Am Number Four,D.J. Caruso,"Alex Pettyfer, Timothy Olyphant, Dianna Agron, Teresa Palmer"
456,Jagten,Thomas Vinterberg,"Mads Mikkelsen, Thomas Bo Larsen, Annika Wedderkopp, Lasse Fogelstrøm"
457,The Proposal,Anne Fletcher,"Sandra Bullock, Ryan Reynolds, Mary Steenburgen,Craig T. Nelson"
458,Get Hard,Etan Cohen,"Will Ferrell, Kevin Hart, Alison Brie, T.I."
459,Just Go with It,Dennis Dugan,"Adam Sandler, Jennifer Aniston, Brooklyn Decker,Nicole Kidman"
460,Revolutionary Road,Sam Mendes,"Leonardo DiCaprio, Kate Winslet, Christopher Fitzgerald, Jonathan Roumie"
461,The Town,Ben Affleck,"Ben Affleck, Rebecca Hall, Jon Hamm, Jeremy Renner"
462,The Boy,William Brent Bell,"Lauren Cohan, Rupert Evans, James Russell, Jim Norton"
463,Denial,Mick Jackson,"Rachel Weisz, Tom Wilkinson, Timothy Spall, Andrew Scott"
464,Predestination,Michael Spierig,"Ethan Hawke, Sarah Snook, Noah Taylor, Madeleine West"
465,Goosebumps,Rob Letterman,"Jack Black, Dylan Minnette, Odeya Rush, Ryan Lee"
466,Sherlock Holmes: A Game of Shadows,Guy Ritchie,"Robert Downey Jr., Jude Law, Jared Harris, Rachel McAdams"
467,Salt,Phillip Noyce,"Angelina Jolie, Liev Schreiber, Chiwetel Ejiofor, Daniel Olbrychski"
468,Enemy,Denis Villeneuve,"Jake Gyllenhaal, Mélanie Laurent, Sarah Gadon,Isabella Rossellini"
469,District 9,Neill Blomkamp,"Sharlto Copley, David James, Jason Cope, Nathalie Boltt"
470,The Other Guys,Adam McKay,"Will Ferrell, Mark Wahlberg, Derek Jeter, Eva Mendes"
471,American Gangster,Ridley Scott,"Denzel Washington, Russell Crowe, Chiwetel Ejiofor,Josh Brolin"
472,Marie Antoinette,Sofia Coppola,"Kirsten Dunst, Jason Schwartzman, Rip Torn, Judy Davis"
473,2012,Roland Emmerich,"John Cusack, Thandie Newton, Chiwetel Ejiofor,Amanda Peet"
474,Harry Potter and the Half-Blood Prince,David Yates,"Daniel Radcliffe, Emma Watson, Rupert Grint, Michael Gambon"
475,Argo,Ben Affleck,"Ben Affleck, Bryan Cranston, John Goodman, Alan Arkin"
476,Eddie the Eagle,Dexter Fletcher,"Taron Egerton, Hugh Jackman, Tom Costello, Jo Hartley"
477,The Lives of Others,Florian Henckel von Donnersmarck,"Ulrich Mühe, Martina Gedeck,Sebastian Koch, Ulrich Tukur"
478,Pet,Carles Torrens,"Dominic Monaghan, Ksenia Solo, Jennette McCurdy,Da'Vone McDonald"
479,Paint It Black,Amber Tamblyn,"Alia Shawkat, Nancy Kwan, Annabelle Attanasio,Alfred Molina"
480,Macbeth,Justin Kurzel,"Michael Fassbender, Marion Cotillard, Jack Madigan,Frank Madigan"
481,Forgetting Sarah Marshall,Nicholas Stoller,"Kristen Bell, Jason Segel, Paul Rudd, Mila Kunis"
482,The Giver,Phillip Noyce,"Brenton Thwaites, Jeff Bridges, Meryl Streep, Taylor Swift"
483,Triple 9,John Hillcoat,"Casey Affleck, Chiwetel Ejiofor, Anthony Mackie,Aaron Paul"
484,Perfetti sconosciuti,Paolo Genovese,"Giuseppe Battiston, Anna Foglietta, Marco Giallini,Edoardo Leo"
485,Angry Birds,Clay Kaytis,"Jason Sudeikis, Josh Gad, Danny McBride, Maya Rudolph"
486,Moonrise Kingdom,Wes Anderson,"Jared Gilman, Kara Hayward, Bruce Willis, Bill Murray"
487,Hairspray,Adam Shankman,"John Travolta, Queen Latifah, Nikki Blonsky,Michelle Pfeiffer"
488,Safe Haven,Lasse Hallström,"Julianne Hough, Josh Duhamel, Cobie Smulders,David Lyons"
489,Focus,Glenn Ficarra,"Will Smith, Margot Robbie, Rodrigo Santoro, Adrian Martinez"
490,Ratatouille,Brad Bird,"Brad Garrett, Lou Romano, Patton Oswalt,Ian Holm"
491,Stake Land,Jim Mickle,"Connor Paolo, Nick Damici, Kelly McGillis, Gregory Jones"
492,The Book of Eli,Albert Hughes,"Denzel Washington, Mila Kunis, Ray Stevenson, Gary Oldman"
493,Cloverfield,Matt Reeves,"Mike Vogel, Jessica Lucas, Lizzy Caplan, T.J. Miller"
494,Point Break,Ericson Core,"Edgar Ramírez, Luke Bracey, Ray Winstone, Teresa Palmer"
495,Under the Skin,Jonathan Glazer,"Scarlett Johansson, Jeremy McWilliams, Lynsey Taylor Mackay, Dougie McConnell"
496,I Am Legend,Francis Lawrence,"Will Smith, Alice Braga, Charlie Tahan, Salli Richardson-Whitfield"
497,Men in Black 3,Barry Sonnenfeld,"Will Smith, Tommy Lee Jones, Josh Brolin,Jemaine Clement"
498,Super 8,J.J. Abrams,"Elle Fanning, AJ Michalka, Kyle Chandler, Joel Courtney"
499,Law Abiding Citizen,F. Gary Gray,"Gerard Butler, Jamie Foxx, Leslie Bibb, Colm Meaney"
500,Up,Pete Docter,"Edward Asner, Jordan Nagai, John Ratzenberger, Christopher Plummer"
501,Maze Runner: The Scorch Trials,Wes Ball,"Dylan O'Brien, Kaya Scodelario, Thomas Brodie-Sangster,Giancarlo Esposito"
502,Carol,Todd Haynes,"Cate Blanchett, Rooney Mara, Sarah Paulson, Kyle Chandler"
503,Imperium,Daniel Ragussis,"Daniel Radcliffe, Toni Collette, Tracy Letts, Sam Trammell"
504,Youth,Paolo Sorrentino,"Michael Caine, Harvey Keitel, Rachel Weisz, Jane Fonda"
505,Mr. Nobody,Jaco Van Dormael,"Jared Leto, Sarah Polley, Diane Kruger, Linh Dan Pham"
506,City of Tiny Lights,Pete Travis,"Riz Ahmed, Billie Piper, James Floyd, Cush Jumbo"
507,Savages,Oliver Stone,"Aaron Taylor-Johnson, Taylor Kitsch, Blake Lively,Benicio Del Toro"
508,(500) Days of Summer,Marc Webb,"Zooey Deschanel, Joseph Gordon-Levitt, Geoffrey Arend, Chloë Grace Moretz"
509,Movie 43,Elizabeth Banks,"Emma Stone, Stephen Merchant, Richard Gere, Liev Schreiber"
510,Gravity,Alfonso Cuarón,"Sandra Bullock, George Clooney, Ed Harris, Orto Ignatiussen"
511,The Boy in the Striped Pyjamas,Mark Herman,"Asa Butterfield, David Thewlis, Rupert Friend, Zac Mattoon O'Brien"
512,Shooter,Antoine Fuqua,"Mark Wahlberg, Michael Peña, Rhona Mitra, Danny Glover"
513,The Happening,M. Night Shyamalan,"Mark Wahlberg, Zooey Deschanel, John Leguizamo, Ashlyn Sanchez"
514,Bone Tomahawk,S. Craig Zahler,"Kurt Russell, Patrick Wilson, Matthew Fox, Richard Jenkins"
515,Magic Mike XXL,Gregory Jacobs,"Channing Tatum, Joe Manganiello, Matt Bomer,Adam Rodriguez"
516,Easy A,Will Gluck,"Emma Stone, Amanda Bynes, Penn Badgley, Dan Byrd"
517,Exodus: Gods and Kings,Ridley Scott,"Christian Bale, Joel Edgerton, Ben Kingsley, Sigourney Weaver"
518,Chappie,Neill Blomkamp,"Sharlto Copley, Dev Patel, Hugh Jackman,Sigourney Weaver"
519,The Hobbit: The Desolation of Smaug,Peter Jackson,"Ian McKellen, Martin Freeman, Richard Armitage,Ken Stott"
520,Half of a Yellow Sun,Biyi Bandele,"Chiwetel Ejiofor, Thandie Newton, Anika Noni Rose,Joseph Mawle"
521,Anthropoid,Sean Ellis,"Jamie Dornan, Cillian Murphy, Brian Caspe, Karel Hermánek Jr."
522,The Counselor,Ridley Scott,"Michael Fassbender, Penélope Cruz, Cameron Diaz,Javier Bardem"
523,Viking,Andrey Kravchuk,"Anton Adasinsky, Aleksandr Armer, Vilen Babichev, Rostislav Bershauer"
524,Whiskey Tango Foxtrot,Glenn Ficarra,"Tina Fey, Margot Robbie, Martin Freeman, Alfred Molina"
525,Trust,David Schwimmer,"Clive Owen, Catherine Keener, Liana Liberato,Jason Clarke"
526,Birth of the Dragon,George Nolfi,"Billy Magnussen, Terry Chen, Teresa Navarro,Vanessa Ross"
527,Elysium,Neill Blomkamp,"Matt Damon, Jodie Foster, Sharlto Copley, Alice Braga"
528,The Green Inferno,Eli Roth,"Lorenza Izzo, Ariel Levy, Aaron Burns, Kirby Bliss Blanton"
529,Godzilla,Gareth Edwards,"Aaron Taylor-Johnson, Elizabeth Olsen, Bryan Cranston, Ken Watanabe"
530,The Bourne Legacy,Tony Gilroy,"Jeremy Renner, Rachel Weisz, Edward Norton, Scott Glenn"
531,A Good Year,Ridley Scott,"Russell Crowe, Abbie Cornish, Albert Finney, Marion Cotillard"
532,Friend Request,Simon Verhoeven,"Alycia Debnam-Carey, William Moseley, Connor Paolo, Brit Morgan"
533,Deja Vu,Tony Scott,"Denzel Washington, Paula Patton, Jim Caviezel, Val Kilmer"
534,Lucy,Luc Besson,"Scarlett Johansson, Morgan Freeman, Min-sik Choi,Amr Waked"
535,A Quiet Passion,Terence Davies,"Cynthia Nixon, Jennifer Ehle, Duncan Duff, Keith Carradine"
536,Need for Speed,Scott Waugh,"Aaron Paul, Dominic Cooper, Imogen Poots, Scott Mescudi"
537,Jack Reacher,Christopher McQuarrie,"Tom Cruise, Rosamund Pike, Richard Jenkins, Werner Herzog"
538,The Do-Over,Steven Brill,"Adam Sandler, David Spade, Paula Patton, Kathryn Hahn"
539,True Crimes,Alexandros Avranas,"Jim Carrey, Charlotte Gainsbourg, Marton Csokas, Kati Outinen"
540,American Pastoral,Ewan McGregor,"Ewan McGregor, Jennifer Connelly, Dakota Fanning, Peter Riegert"
541,The Ghost Writer,Roman Polanski,"Ewan McGregor, Pierce Brosnan, Olivia Williams,Jon Bernthal"
542,Limitless,Neil Burger,"Bradley Cooper, Anna Friel, Abbie Cornish, Robert De Niro"
543,Spectral,Nic Mathieu,"James Badge Dale, Emily Mortimer, Bruce Greenwood,Max Martini"
544,P.S. I Love You,Richard LaGravenese,"Hilary Swank, Gerard Butler, Harry Connick Jr., Lisa Kudrow"
545,Zipper,Mora Stephens,"Patrick Wilson, Lena Headey, Ray Winstone,Richard Dreyfuss"
546,Midnight Special,Jeff Nichols,"Michael Shannon, Joel Edgerton, Kirsten Dunst, Adam Driver"
547,Don't Think Twice,Mike Birbiglia,"Keegan-Michael Key, Gillian Jacobs, Mike Birbiglia,Chris Gethard"
548,Alice in Wonderland,Tim Burton,"Mia Wasikowska, Johnny Depp, Helena Bonham Carter,Anne Hathaway"
549,Chuck,Philippe Falardeau,"Elisabeth Moss, Naomi Watts, Ron Perlman, Liev Schreiber"
550,"I, Daniel Blake",Ken Loach,"Dave Johns, Hayley Squires, Sharon Percy, Briana Shann"
551,The Break-Up,Peyton Reed,"Jennifer Aniston, Vince Vaughn, Jon Favreau, Joey Lauren Adams"
552,Loving,Jeff Nichols,"Ruth Negga, Joel Edgerton, Will Dalton, Dean Mumford"
553,Fantastic Four,Josh Trank,"Miles Teller, Kate Mara, Michael B. Jordan, Jamie Bell"
554,The Survivalist,Stephen Fingleton,"Mia Goth, Martin McCann, Barry Ward, Andrew Simpson"
555,Colonia,Florian Gallenberger,"Emma Watson, Daniel Brühl, Michael Nyqvist,Richenda Carey"
556,The Boy Next Door,Rob Cohen,"Jennifer Lopez, Ryan Guzman, Kristin Chenoweth, John Corbett"
557,The Gift,Joel Edgerton,"Jason Bateman, Rebecca Hall, Joel Edgerton, Allison Tolman"
558,Dracula Untold,Gary Shore,"Luke Evans, Dominic Cooper, Sarah Gadon, Art Parkinson"
559,In the Heart of the Sea,Ron Howard,"Chris Hemsworth, Cillian Murphy, Brendan Gleeson,Ben Whishaw"
560,Idiocracy,Mike Judge,"Luke Wilson, Maya Rudolph, Dax Shepard, Terry Crews"
561,The Expendables,Sylvester Stallone,"Sylvester Stallone, Jason Statham, Jet Li, Dolph Lundgren"
562,Evil Dead,Fede Alvarez,"Jane Levy, Shiloh Fernandez, Jessica Lucas, Lou Taylor Pucci"
563,Sinister,Scott Derrickson,"Ethan Hawke, Juliet Rylance, James Ransone,Fred Dalton Thompson"
564,Wreck-It Ralph,Rich Moore,"John C. Reilly, Jack McBrayer, Jane Lynch, Sarah Silverman"
565,Snow White and the Huntsman,Rupert Sanders,"Kristen Stewart, Chris Hemsworth, Charlize Theron, Sam Claflin"
566,Pan,Joe Wright,"Levi Miller, Hugh Jackman, Garrett Hedlund, Rooney Mara"
567,Transformers: Dark of the Moon,Michael Bay,"Shia LaBeouf, Rosie Huntington-Whiteley, Tyrese Gibson, Josh Duhamel"
568,Juno,Jason Reitman,"Ellen Page, Michael Cera, Jennifer Garner, Jason Bateman"
569,A Hologram for the King,Tom Tykwer,"Tom Hanks, Sarita Choudhury, Ben Whishaw,Alexander Black"
570,Money Monster,Jodie Foster,"George Clooney, Julia Roberts, Jack O'Connell,Dominic West"
571,The Other Woman,Nick Cassavetes,"Cameron Diaz, Leslie Mann, Kate Upton, Nikolaj Coster-Waldau"
572,Enchanted,Kevin Lima,"Amy Adams, Susan Sarandon, James Marsden, Patrick Dempsey"
573,The Intern,Nancy Meyers,"Robert De Niro, Anne Hathaway, Rene Russo,Anders Holm"
574,Little Miss Sunshine,Jonathan Dayton,"Steve Carell, Toni Collette, Greg Kinnear, Abigail Breslin"
575,Bleed for This,Ben Younger,"Miles Teller, Aaron Eckhart, Katey Sagal, Ciarán Hinds"
576,Clash of the Titans,Louis Leterrier,"Sam Worthington, Liam Neeson, Ralph Fiennes,Jason Flemyng"
577,The Finest Hours,Craig Gillespie,"Chris Pine, Casey Affleck, Ben Foster, Eric Bana"
578,Tron,Joseph Kosinski,"Jeff Bridges, Garrett Hedlund, Olivia Wilde, Bruce Boxleitner"
579,The Hunger Games: Catching Fire,Francis Lawrence,"Jennifer Lawrence, Josh Hutcherson, Liam Hemsworth, Philip Seymour Hoffman"
580,All Good Things,Andrew Jarecki,"Ryan Gosling, Kirsten Dunst, Frank Langella, Lily Rabe"
581,Kickboxer: Vengeance,John Stockwell,"Dave Bautista, Alain Moussi, Gina Carano, Jean-Claude Van Damme"
582,The Last Airbender,M. Night Shyamalan,"Noah Ringer, Nicola Peltz, Jackson Rathbone,Dev Patel"
583,Sex Tape,Jake Kasdan,"Jason Segel, Cameron Diaz, Rob Corddry, Ellie Kemper"
584,What to Expect When You're Expecting,Kirk Jones,"Cameron Diaz, Matthew Morrison, J. Todd Smith, Dennis Quaid"
585,Moneyball,Bennett Miller,"Brad Pitt, Robin Wright, Jonah Hill, Philip Seymour Hoffman"
586,Ghost Rider,Mark Steven Johnson,"Nicolas Cage, Eva Mendes, Sam Elliott, Matt Long"
587,Unbroken,Angelina Jolie,"Jack O'Connell, Miyavi, Domhnall Gleeson, Garrett Hedlund"
588,Immortals,Tarsem Singh,"Henry Cavill, Mickey Rourke, John Hurt, Stephen Dorff"
589,Sunshine,Danny Boyle,"Cillian Murphy, Rose Byrne, Chris Evans, Michelle Yeoh"
590,Brave,Mark Andrews,"Kelly Macdonald,Billy Connolly, Emma Thompson, Julie Walters"
591,Män som hatar kvinnor,Niels Arden Oplev,"Michael Nyqvist, Noomi Rapace, Ewa Fröling,Lena Endre"
592,Adoration,Anne Fontaine,"Naomi Watts, Robin Wright, Xavier Samuel, James Frecheville"
593,The Drop,Michaël R. Roskam,"Tom Hardy, Noomi Rapace, James Gandolfini,Matthias Schoenaerts"
594,She's the Man,Andy Fickman,"Amanda Bynes, Laura Ramsey, Channing Tatum,Vinnie Jones"
595,Daddy's Home,Sean Anders,"Will Ferrell, Mark Wahlberg, Linda Cardellini, Thomas Haden Church"
596,Let Me In,Matt Reeves,"Kodi Smit-McPhee, Chloë Grace Moretz, Richard Jenkins, Cara Buono"
597,Never Back Down,Jeff Wadlow,"Sean Faris, Djimon Hounsou, Amber Heard, Cam Gigandet"
598,Grimsby,Louis Leterrier,"Sacha Baron Cohen, Mark Strong, Rebel Wilson,Freddie Crowder"
599,Moon,Duncan Jones,"Sam Rockwell, Kevin Spacey, Dominique McElligott,Rosie Shaw"
600,Megamind,Tom McGrath,"Will Ferrell, Jonah Hill, Brad Pitt, Tina Fey"
601,Gangster Squad,Ruben Fleischer,"Sean Penn, Ryan Gosling, Emma Stone, Giovanni Ribisi"
602,Blood Father,Jean-François Richet,"Mel Gibson, Erin Moriarty, Diego Luna, Michael Parks"
603,He's Just Not That Into You,Ken Kwapis,"Jennifer Aniston, Jennifer Connelly, Morgan Lily,Trenton Rogers"
604,Kung Fu Panda 3,Alessandro Carloni,"Jack Black, Bryan Cranston, Dustin Hoffman, Angelina Jolie"
605,The Rise of the Krays,Zackary Adler,"Matt Vael, Simon Cotton, Kevin Leslie, Olivia Moyles"
606,Handsome Devil,John Butler,"Fionn O'Shea, Nicholas Galitzine, Andrew Scott, Moe Dunford"
607,Winter's Bone,Debra Granik,"Jennifer Lawrence, John Hawkes, Garret Dillahunt,Isaiah Stone"
608,Horrible Bosses,Seth Gordon,"Jason Bateman, Charlie Day, Jason Sudeikis, Steve Wiebe"
609,Mommy,Xavier Dolan,"Anne Dorval, Antoine-Olivier Pilon, Suzanne Clément,Patrick Huard"
610,Hellboy II: The Golden Army,Guillermo del Toro,"Ron Perlman, Selma Blair, Doug Jones, John Alexander"
611,Beautiful Creatures,Richard LaGravenese,"Alice Englert, Viola Davis, Emma Thompson,Alden Ehrenreich"
612,Toni Erdmann,Maren Ade,"Sandra Hüller, Peter Simonischek, Michael Wittenborn,Thomas Loibl"
613,The Lovely Bones,Peter Jackson,"Rachel Weisz, Mark Wahlberg, Saoirse Ronan, Susan Sarandon"
614,The Assassination of Jesse James by the Coward Robert Ford,Andrew Dominik,"Brad Pitt, Casey Affleck, Sam Shepard, Mary-Louise Parker"
615,Don Jon,Joseph Gordon-Levitt,"Joseph Gordon-Levitt, Scarlett Johansson,Julianne Moore, Tony Danza"
616,Bastille Day,James Watkins,"Idris Elba, Richard Madden, Charlotte Le Bon, Kelly Reilly"
617,2307: Winter's Dream,Joey Curtis,"Paul Sidhu, Branden Coles, Arielle Holmes, Kelcey Watson"
618,Free State of Jones,Gary Ross,"Matthew McConaughey, Gugu Mbatha-Raw, Mahershala Ali, Keri Russell"
619,Mr. Right,Paco Cabezas,"Anna Kendrick, Sam Rockwell, Tim Roth, James Ransone"
620,The Secret Life of Walter Mitty,Ben Stiller,"Ben Stiller, Kristen Wiig, Jon Daly, Kathryn Hahn"
621,Dope,Rick Famuyiwa,"Shameik Moore, Tony Revolori, Kiersey Clemons,Kimberly Elise"
622,Underworld Awakening,Måns Mårlind,"Kate Beckinsale, Michael Ealy, India Eisley, Stephen Rea"
623,Antichrist,Lars von Trier,"Willem Dafoe, Charlotte Gainsbourg, Storm Acheche Sahlstrøm"
624,Friday the 13th,Marcus Nispel,"Jared Padalecki, Amanda Righetti, Derek Mears,Danielle Panabaker"
625,Taken 3,Olivier Megaton,"Liam Neeson, Forest Whitaker, Maggie Grace,Famke Janssen"
626,Total Recall,Len Wiseman,"Colin Farrell, Bokeem Woodbine, Bryan Cranston,Kate Beckinsale"
627,X-Men: The Last Stand,Brett Ratner,"Patrick Stewart, Hugh Jackman, Halle Berry, Famke Janssen"
628,The Escort,Will Slocombe,"Lyndsy Fonseca, Michael Doneger, Tommy Dewey,Bruce Campbell"
629,The Whole Truth,Courtney Hunt,"Keanu Reeves, Renée Zellweger, Gugu Mbatha-Raw, Gabriel Basso"
630,Night at the Museum: Secret of the Tomb,Shawn Levy,"Ben Stiller, Robin Williams, Owen Wilson, Dick Van Dyke"
631,Love & Other Drugs,Edward Zwick,"Jake Gyllenhaal, Anne Hathaway, Judy Greer, Oliver Platt"
632,The Interview,Evan Goldberg,"James Franco, Seth Rogen, Randall Park, Lizzy Caplan"
633,The Host,Bong Joon Ho,"Kang-ho Song, Hee-Bong Byun, Hae-il Park, Doona Bae"
634,Megan Is Missing,Michael Goi,"Amber Perkins, Rachel Quinn, Dean Waite, Jael Elizabeth Steinmeyer"
635,WALL·E,Andrew Stanton,"Ben Burtt, Elissa Knight, Jeff Garlin, Fred Willard"
636,Knocked Up,Judd Apatow,"Seth Rogen, Katherine Heigl, Paul Rudd, Leslie Mann"
637,Source Code,Duncan Jones,"Jake Gyllenhaal, Michelle Monaghan, Vera Farmiga,Jeffrey Wright"
638,Lawless,John Hillcoat,"Tom Hardy, Shia LaBeouf, Guy Pearce, Jason Clarke"
639,Unfriended,Levan Gabriadze,"Heather Sossaman, Matthew Bohrer, Courtney Halverson, Shelley Hennig"
640,American Reunion,Jon Hurwitz,"Jason Biggs, Alyson Hannigan,Seann William Scott, Chris Klein"
641,The Pursuit of Happyness,Gabriele Muccino,"Will Smith, Thandie Newton, Jaden Smith, Brian Howe"
642,Relatos salvajes,Damián Szifron,"Darío Grandinetti, María Marull, Mónica Villa, Rita Cortese"
643,The Ridiculous 6,Frank Coraci,"Adam Sandler, Terry Crews, Jorge Garcia, Taylor Lautner"
644,Frantz,François Ozon,"Pierre Niney, Paula Beer, Ernst Stötzner, Marie Gruber"
645,Viral,Henry Joost,"Sofia Black-D'Elia, Analeigh Tipton,Travis Tope, Michael Kelly"
646,Gran Torino,Clint Eastwood,"Clint Eastwood, Bee Vang, Christopher Carley,Ahney Her"
647,Burnt,John Wells,"Bradley Cooper, Sienna Miller, Daniel Brühl, Riccardo Scamarcio"
648,Tall Men,Jonathan Holbrook,"Dan Crisafulli, Kay Whitney, Richard Garcia, Pat Cashman"
649,Sleeping Beauty,Julia Leigh,"Emily Browning, Rachael Blake, Ewen Leslie, Bridgette Barrett"
650,Vampire Academy,Mark Waters,"Zoey Deutch, Lucy Fry, Danila Kozlovsky, Gabriel Byrne"
651,Sweeney Todd: The Demon Barber of Fleet Street,Tim Burton,"Johnny Depp, Helena Bonham Carter, Alan Rickman,Timothy Spall"
652,Solace,Afonso Poyart,"Anthony Hopkins, Jeffrey Dean Morgan, Abbie Cornish, Colin Farrell"
653,Insidious,James Wan,"Patrick Wilson, Rose Byrne, Ty Simpkins, Lin Shaye"
654,Popstar: Never Stop Never Stopping,Akiva Schaffer,"Andy Samberg, Jorma Taccone,Akiva Schaffer, Sarah Silverman"
655,The Levelling,Hope Dickson Leach,"Ellie Kendrick, David Troughton, Jack Holden,Joe Blakemore"
656,Public Enemies,Michael Mann,"Christian Bale, Johnny Depp, Christian Stolte, Jason Clarke"
657,Boyhood,Richard Linklater,"Ellar Coltrane, Patricia Arquette, Ethan Hawke,Elijah Smith"
658,Teenage Mutant Ninja Turtles,Jonathan Liebesman,"Megan Fox, Will Arnett, William Fichtner, Noel Fisher"
659,Eastern Promises,David Cronenberg,"Naomi Watts, Viggo Mortensen, Armin Mueller-Stahl, Josef Altin"
660,The Daughter,Simon Stone,"Geoffrey Rush, Nicholas Hope, Sam Neill, Ewen Leslie"
661,Pineapple Express,David Gordon Green,"Seth Rogen, James Franco, Gary Cole, Danny McBride"
662,The First Time,Jon Kasdan,"Dylan O'Brien, Britt Robertson, Victoria Justice, James Frecheville"
663,Gone Baby Gone,Ben Affleck,"Morgan Freeman, Ed Harris, Casey Affleck, Michelle Monaghan"
664,The Heat,Paul Feig,"Sandra Bullock, Michael McDonald, Melissa McCarthy,Demián Bichir"
665,L'avenir,Mia Hansen-Løve,"Isabelle Huppert, André Marcon, Roman Kolinka,Edith Scob"
666,Anna Karenina,Joe Wright,"Keira Knightley, Jude Law, Aaron Taylor-Johnson,Matthew Macfadyen"
667,Regression,Alejandro Amenábar,"Ethan Hawke, David Thewlis, Emma Watson,Dale Dickey"
668,Ted 2,Seth MacFarlane,"Mark Wahlberg, Seth MacFarlane, Amanda Seyfried, Jessica Barth"
669,Pain & Gain,Michael Bay,"Mark Wahlberg, Dwayne Johnson, Anthony Mackie,Tony Shalhoub"
670,Blood Diamond,Edward Zwick,"Leonardo DiCaprio, Djimon Hounsou, Jennifer Connelly, Kagiso Kuypers"
671,Devil's Knot,Atom Egoyan,"Colin Firth, Reese Witherspoon, Alessandro Nivola,James Hamrick"
672,Child 44,Daniel Espinosa,"Tom Hardy, Gary Oldman, Noomi Rapace, Joel Kinnaman"
673,The Hurt Locker,Kathryn Bigelow,"Jeremy Renner, Anthony Mackie, Brian Geraghty,Guy Pearce"
674,Green Lantern,Martin Campbell,"Ryan Reynolds, Blake Lively, Peter Sarsgaard,Mark Strong"
675,War on Everyone,John Michael McDonagh,"Alexander Skarsgård, Michael Peña, Theo James, Tessa Thompson"
676,The Mist,Frank Darabont,"Thomas Jane, Marcia Gay Harden, Laurie Holden,Andre Braugher"
677,Escape Plan,Mikael Håfström,"Sylvester Stallone, Arnold Schwarzenegger, 50 Cent, Vincent D'Onofrio"
678,"Love, Rosie",Christian Ditter,"Lily Collins, Sam Claflin, Christian Cooke, Jaime Winstone"
679,The DUFF,Ari Sandel,"Mae Whitman, Bella Thorne, Robbie Amell, Allison Janney"
680,The Age of Shadows,Jee-woon Kim,"Byung-hun Lee, Yoo Gong, Kang-ho Song, Ji-min Han"
681,The Hunger Games: Mockingjay - Part 1,Francis Lawrence,"Jennifer Lawrence, Josh Hutcherson, Liam Hemsworth, Woody Harrelson"
682,We Need to Talk About Kevin,Lynne Ramsay,"Tilda Swinton, John C. Reilly, Ezra Miller, Jasper Newell"
683,Love & Friendship,Whit Stillman,"Kate Beckinsale, Chloë Sevigny, Xavier Samuel,Emma Greenwell"
684,The Mortal Instruments: City of Bones,Harald Zwart,"Lily Collins, Jamie Campbell Bower, Robert Sheehan,Jemima West"
685,Seven Pounds,Gabriele Muccino,"Will Smith, Rosario Dawson, Woody Harrelson,Michael Ealy"
686,The King's Speech,Tom Hooper,"Colin Firth, Geoffrey Rush, Helena Bonham Carter,Derek Jacobi"
687,Hunger,Steve McQueen,"Stuart Graham, Laine Megaw, Brian Milligan, Liam McMahon"
688,Jumper,Doug Liman,"Hayden Christensen, Samuel L. Jackson, Jamie Bell,Rachel Bilson"
689,Toy Story 3,Lee Unkrich,"Tom Hanks, Tim Allen, Joan Cusack, Ned Beatty"
690,Tinker Tailor Soldier Spy,Tomas Alfredson,"Gary Oldman, Colin Firth, Tom Hardy, Mark Strong"
691,Resident Evil: Retribution,Paul W.S. Anderson,"Milla Jovovich, Sienna Guillory, Michelle Rodriguez, Aryana Engineer"
692,Dear Zindagi,Gauri Shinde,"Alia Bhatt, Shah Rukh Khan, Kunal Kapoor, Priyanka Moodley"
693,Genius,Michael Grandage,"Colin Firth, Jude Law, Nicole Kidman, Laura Linney"
694,Pompeii,Paul W.S. Anderson,"Kit Harington, Emily Browning, Kiefer Sutherland, Adewale Akinnuoye-Agbaje"
695,Life of Pi,Ang Lee,"Suraj Sharma, Irrfan Khan, Adil Hussain, Tabu"
696,Hachi: A Dog's Tale,Lasse Hallström,"Richard Gere, Joan Allen, Cary-Hiroyuki Tagawa,Sarah Roemer"
697,10 Years,Jamie Linden,"Channing Tatum, Rosario Dawson, Chris Pratt, Jenna Dewan Tatum"
698,I Origins,Mike Cahill,"Michael Pitt, Steven Yeun, Astrid Bergès-Frisbey, Brit Marling"
699,Live Free or Die Hard,Len Wiseman,"Bruce Willis, Justin Long, Timothy Olyphant, Maggie Q"
700,The Matchbreaker,Caleb Vetter,"Wesley Elder, Christina Grimmie, Osric Chau, Olan Rogers"
701,Funny Games,Michael Haneke,"Naomi Watts, Tim Roth, Michael Pitt, Brady Corbet"
702,Ted,Seth MacFarlane,"Mark Wahlberg, Mila Kunis, Seth MacFarlane, Joel McHale"
703,RED,Robert Schwentke,"Bruce Willis, Helen Mirren, Morgan Freeman,Mary-Louise Parker"
704,Australia,Baz Luhrmann,"Nicole Kidman, Hugh Jackman, Shea Adams, Eddie Baroo"
705,Faster,George Tillman Jr.,"Dwayne Johnson, Billy Bob Thornton, Maggie Grace, Mauricio Lopez"
706,The Neighbor,Marcus Dunstan,"Josh Stewart, Bill Engvall, Alex Essoe, Ronnie Gene Blevins"
707,The Adjustment Bureau,George Nolfi,"Matt Damon, Emily Blunt, Lisa Thoreson, Florence Kastriner"
708,The Hollars,John Krasinski,"Sharlto Copley, Charlie Day, Richard Jenkins, Anna Kendrick"
709,The Judge,David Dobkin,"Robert Downey Jr., Robert Duvall, Vera Farmiga, Billy Bob Thornton"
710,Closed Circuit,John Crowley,"Eric Bana, Rebecca Hall, Jim Broadbent, Ciarán Hinds"
711,Transformers: Revenge of the Fallen,Michael Bay,"Shia LaBeouf, Megan Fox, Josh Duhamel, Tyrese Gibson"
712,La tortue rouge,Michael Dudok de Wit,"Emmanuel Garijo, Tom Hudson, Baptiste Goy, Axel Devillers"
713,The Book of Life,Jorge R. Gutiérrez,"Diego Luna, Zoe Saldana, Channing Tatum, Ron Perlman"
714,Incendies,Denis Villeneuve,"Lubna Azabal, Mélissa Désormeaux-Poulin, Maxim Gaudette, Mustafa Kamel"
715,The Heartbreak Kid,Bobby Farrelly,"Ben Stiller, Michelle Monaghan,Malin Akerman, Jerry Stiller"
716,Happy Feet,George Miller,"Elijah Wood, Brittany Murphy, Hugh Jackman, Robin Williams"
717,Entourage,Doug Ellin,"Adrian Grenier, Kevin Connolly, Jerry Ferrara, Kevin Dillon"
718,The Strangers,Bryan Bertino,"Scott Speedman, Liv Tyler, Gemma Ward, Alex Fisher"
719,Noah,Darren Aronofsky,"Russell Crowe, Jennifer Connelly, Anthony Hopkins, Emma Watson"
720,Neighbors,Nicholas Stoller,"Seth Rogen, Rose Byrne, Zac Efron, Lisa Kudrow"
721,Nymphomaniac: Vol. II,Lars von Trier,"Charlotte Gainsbourg, Stellan Skarsgård, Willem Dafoe, Jamie Bell"
722,Wild,Jean-Marc Vallée,"Reese Witherspoon, Laura Dern, Gaby Hoffmann,Michiel Huisman"
723,Grown Ups,Dennis Dugan,"Adam Sandler, Salma Hayek, Kevin James, Chris Rock"
724,Blair Witch,Adam Wingard,"James Allen McCune, Callie Hernandez, Corbin Reid, Brandon Scott"
725,The Karate Kid,Harald Zwart,"Jackie Chan, Jaden Smith, Taraji P. Henson, Wenwen Han"
726,Dark Shadows,Tim Burton,"Johnny Depp, Michelle Pfeiffer, Eva Green, Helena Bonham Carter"
727,Friends with Benefits,Will Gluck,"Mila Kunis, Justin Timberlake, Patricia Clarkson, Jenna Elfman"
728,The Illusionist,Neil Burger,"Edward Norton, Jessica Biel, Paul Giamatti, Rufus Sewell"
729,The A-Team,Joe Carnahan,"Liam Neeson, Bradley Cooper, Sharlto Copley,Jessica Biel"
730,The Guest,Adam Wingard,"Dan Stevens, Sheila Kelley, Maika Monroe, Joel David Moore"
731,The Internship,Shawn Levy,"Vince Vaughn, Owen Wilson, Rose Byrne, Aasif Mandvi"
732,Paul,Greg Mottola,"Simon Pegg, Nick Frost, Seth Rogen, Mia Stallard"
733,This Beautiful Fantastic,Simon Aboud,"Jessica Brown Findlay, Andrew Scott, Jeremy Irvine,Tom Wilkinson"
734,The Da Vinci Code,Ron Howard,"Tom Hanks, Audrey Tautou, Jean Reno, Ian McKellen"
735,Mr. Church,Bruce Beresford,"Eddie Murphy, Britt Robertson, Natascha McElhone, Xavier Samuel"
736,Hugo,Martin Scorsese,"Asa Butterfield, Chloë Grace Moretz, Christopher Lee, Ben Kingsley"
737,The Blackcoat's Daughter,Oz Perkins,"Emma Roberts, Kiernan Shipka, Lauren Holly, Lucy Boynton"
738,Body of Lies,Ridley Scott,"Leonardo DiCaprio, Russell Crowe, Mark Strong,Golshifteh Farahani"
739,Knight of Cups,Terrence Malick,"Christian Bale, Cate Blanchett, Natalie Portman,Brian Dennehy"
740,The Mummy: Tomb of the Dragon Emperor,Rob Cohen,"Brendan Fraser, Jet Li, Maria Bello, Michelle Yeoh"
741,The Boss,Ben Falcone,"Melissa McCarthy, Kristen Bell, Peter Dinklage, Ella Anderson"
742,Hands of Stone,Jonathan Jakubowicz,"Edgar Ramírez, Usher Raymond, Robert De Niro, Rubén Blades"
743,El secreto de sus ojos,Juan José Campanella,"Ricardo Darín, Soledad Villamil, Pablo Rago,Carla Quevedo"
744,True Grit,Ethan Coen,"Jeff Bridges, Matt Damon, Hailee Steinfeld,Josh Brolin"
745,We Are Your Friends,Max Joseph,"Zac Efron, Wes Bentley, Emily Ratajkowski, Jonny Weston"
746,A Million Ways to Die in the West,Seth MacFarlane,"Seth MacFarlane, Charlize Theron, Liam Neeson,Amanda Seyfried"
747,Only for One Night,Chris Stokes,"Brian White, Karrueche Tran, Angelique Pereira,Jessica Vanessa DeLeon"
748,Rules Don't Apply,Warren Beatty,"Lily Collins, Haley Bennett, Taissa Farmiga, Steve Tom"
749,Ouija: Origin of Evil,Mike Flanagan,"Elizabeth Reaser, Lulu Wilson, Annalise Basso,Henry Thomas"
750,Percy Jackson: Sea of Monsters,Thor Freudenthal,"Logan Lerman, Alexandra Daddario, Brandon T. Jackson, Nathan Fillion"
751,Fracture,Gregory Hoblit,"Anthony Hopkins, Ryan Gosling, David Strathairn,Rosamund Pike"
752,Oculus,Mike Flanagan,"Karen Gillan, Brenton Thwaites, Katee Sackhoff,Rory Cochrane"
753,In Bruges,Martin McDonagh,"Colin Farrell, Brendan Gleeson, Ciarán Hinds,Elizabeth Berrington"
754,This Means War,McG,"Reese Witherspoon, Chris Pine, Tom Hardy, Til Schweiger"
755,Lída Baarová,Filip Renc,"Tatiana Pauhofová, Karl Markovics, Gedeon Burkhard,Simona Stasová"
756,The Road,John Hillcoat,"Viggo Mortensen, Charlize Theron, Kodi Smit-McPhee,Robert Duvall"
757,Lavender,Ed Gass-Donnelly,"Abbie Cornish, Dermot Mulroney, Justin Long,Diego Klattenhoff"
758,Deuces,Jamal Hill,"Larenz Tate, Meagan Good, Rotimi, Rick Gonzalez"
759,Conan the Barbarian,Marcus Nispel,"Jason Momoa, Ron Perlman, Rose McGowan,Stephen Lang"
760,The Fighter,David O. Russell,"Mark Wahlberg, Christian Bale, Amy Adams,Melissa Leo"
761,August Rush,Kirsten Sheridan,"Freddie Highmore, Keri Russell, Jonathan Rhys Meyers, Terrence Howard"
762,Chef,Jon Favreau,"Jon Favreau, Robert Downey Jr., Scarlett Johansson,Dustin Hoffman"
763,Eye in the Sky,Gavin Hood,"Helen Mirren, Aaron Paul, Alan Rickman, Barkhad Abdi"
764,Eagle Eye,D.J. Caruso,"Shia LaBeouf, Michelle Monaghan, Rosario Dawson,Michael Chiklis"
765,The Purge,James DeMonaco,"Ethan Hawke, Lena Headey, Max Burkholder,Adelaide Kane"
766,PK,Rajkumar Hirani,"Aamir Khan, Anushka Sharma, Sanjay Dutt,Boman Irani"
767,Ender's Game,Gavin Hood,"Harrison Ford, Asa Butterfield, Hailee Steinfeld, Abigail Breslin"
768,Indiana Jones and the Kingdom of the Crystal Skull,Steven Spielberg,"Harrison Ford, Cate Blanchett, Shia LaBeouf,Karen Allen"
769,Paper Towns,Jake Schreier,"Nat Wolff, Cara Delevingne, Austin Abrams, Justice Smith"
770,High-Rise,Ben Wheatley,"Tom Hiddleston, Jeremy Irons, Sienna Miller, Luke Evans"
771,Quantum of Solace,Marc Forster,"Daniel Craig, Olga Kurylenko, Mathieu Amalric, Judi Dench"
772,The Assignment,Walter Hill,"Sigourney Weaver, Michelle Rodriguez, Tony Shalhoub,Anthony LaPaglia"
773,How to Train Your Dragon,Dean DeBlois,"Jay Baruchel, Gerard Butler,Christopher Mintz-Plasse, Craig Ferguson"
774,Lady in the Water,M. Night Shyamalan,"Paul Giamatti, Bryce Dallas Howard, Jeffrey Wright, Bob Balaban"
775,The Fountain,Darren Aronofsky,"Hugh Jackman, Rachel Weisz, Sean Patrick Thomas, Ellen Burstyn"
776,Cars 2,John Lasseter,"Owen Wilson, Larry the Cable Guy,Michael Caine, Emily Mortimer"
777,31,Rob Zombie,"Malcolm McDowell, Richard Brake, Jeff Daniel Phillips,Sheri Moon Zombie"
778,Final Girl,Tyler Shields,"Abigail Breslin, Wes Bentley, Logan Huffman,Alexander Ludwig"
779,Chalk It Up,Hisonni Johnson,"Maddy Curley, John DeLuca, Nikki SooHoo, Drew Seeley"
780,The Man Who Knew Infinity,Matt Brown,"Dev Patel, Jeremy Irons, Malcolm Sinclair, Raghuvir Joshi"
781,Unknown,Jaume Collet-Serra,"Liam Neeson, Diane Kruger, January Jones,Aidan Quinn"
782,Self/less,Tarsem Singh,"Ryan Reynolds, Natalie Martinez, Matthew Goode,Ben Kingsley"
783,Mr. Brooks,Bruce A. Evans,"Kevin Costner, Demi Moore, William Hurt, Dane Cook"
784,Tramps,Adam Leon,"Callum Turner, Grace Van Patten, Michal Vondel, Mike Birbiglia"
785,Before We Go,Chris Evans,"Chris Evans, Alice Eve, Emma Fitzpatrick, John Cullum"
786,Captain Phillips,Paul Greengrass,"Tom Hanks, Barkhad Abdi, Barkhad Abdirahman,Catherine Keener"
787,The Secret Scripture,Jim Sheridan,"Rooney Mara, Eric Bana, Theo James, Aidan Turner"
788,Max Steel,Stewart Hendler,"Ben Winchell, Josh Brener, Maria Bello, Andy Garcia"
789,Hotel Transylvania 2,Genndy Tartakovsky,"Adam Sandler, Andy Samberg, Selena Gomez, Kevin James"
790,Hancock,Peter Berg,"Will Smith, Charlize Theron, Jason Bateman, Jae Head"
791,Sisters,Jason Moore,"Amy Poehler, Tina Fey, Maya Rudolph, Ike Barinholtz"
792,The Family,Luc Besson,"Robert De Niro, Michelle Pfeiffer, Dianna Agron, John D'Leo"
793,Zack and Miri Make a Porno,Kevin Smith,"Seth Rogen, Elizabeth Banks, Craig Robinson, Gerry Bednob"
794,Ma vie de Courgette,Claude Barras,"Gaspard Schlatter, Sixtine Murat, Paulin Jaccoud,Michel Vuillermoz"
795,Man on a Ledge,Asger Leth,"Sam Worthington, Elizabeth Banks, Jamie Bell, Mandy Gonzalez"
796,No Strings Attached,Ivan Reitman,"Natalie Portman, Ashton Kutcher, Kevin Kline, Cary Elwes"
797,Rescue Dawn,Werner Herzog,"Christian Bale, Steve Zahn, Jeremy Davies, Zach Grenier"
798,Despicable Me 2,Pierre Coffin,"Steve Carell, Kristen Wiig, Benjamin Bratt, Miranda Cosgrove"
799,A Walk Among the Tombstones,Scott Frank,"Liam Neeson, Dan Stevens, David Harbour, Boyd Holbrook"
800,The World's End,Edgar Wright,"Simon Pegg, Nick Frost, Martin Freeman, Rosamund Pike"
801,Yoga Hosers,Kevin Smith,"Lily-Rose Depp, Harley Quinn Smith, Johnny Depp,Adam Brody"
802,Seven Psychopaths,Martin McDonagh,"Colin Farrell, Woody Harrelson, Sam Rockwell,Christopher Walken"
803,Beowulf,Robert Zemeckis,"Ray Winstone, Crispin Glover, Angelina Jolie,Robin Wright"
804,Jack Ryan: Shadow Recruit,Kenneth Branagh,"Chris Pine, Kevin Costner, Keira Knightley,Kenneth Branagh"
805,1408,Mikael Håfström,"John Cusack, Samuel L. Jackson, Mary McCormack, Paul Birchard"
806,The Gambler,Rupert Wyatt,"Mark Wahlberg, Jessica Lange, John Goodman, Brie Larson"
807,Prince of Persia: The Sands of Time,Mike Newell,"Jake Gyllenhaal, Gemma Arterton, Ben Kingsley,Alfred Molina"
808,The Spectacular Now,James Ponsoldt,"Miles Teller, Shailene Woodley, Kyle Chandler,Jennifer Jason Leigh"
809,A United Kingdom,Amma Asante,"David Oyelowo, Rosamund Pike, Tom Felton, Jack Davenport"
810,USS Indianapolis: Men of Courage,Mario Van Peebles,"Nicolas Cage, Tom Sizemore, Thomas Jane,Matt Lanter"
811,Turbo Kid,François Simard,"Munro Chambers, Laurence Leboeuf, Michael Ironside, Edwin Wright"
812,Mama,Andrés Muschietti,"Jessica Chastain, Nikolaj Coster-Waldau, Megan Charpentier, Isabelle Nélisse"
813,Orphan,Jaume Collet-Serra,"Vera Farmiga, Peter Sarsgaard, Isabelle Fuhrman, CCH Pounder"
814,To Rome with Love,Woody Allen,"Woody Allen, Penélope Cruz, Jesse Eisenberg, Ellen Page"
815,Fantastic Mr. Fox,Wes Anderson,"George Clooney, Meryl Streep, Bill Murray, Jason Schwartzman"
816,Inside Man,Spike Lee,"Denzel Washington, Clive Owen, Jodie Foster,Christopher Plummer"
817,I.T.,John Moore,"Pierce Brosnan, Jason Barry, Karen Moskow, Kai Ryssdal"
818,127 Hours,Danny Boyle,"James Franco, Amber Tamblyn, Kate Mara, Sean Bott"
819,Annabelle,John R. Leonetti,"Ward Horton, Annabelle Wallis, Alfre Woodard,Tony Amendola"
820,Wolves at the Door,John R. Leonetti,"Katie Cassidy, Elizabeth Henstridge, Adam Campbell, Miles Fisher"
821,Suite Française,Saul Dibb,"Michelle Williams, Kristin Scott Thomas, Margot Robbie,Eric Godon"
822,The Imaginarium of Doctor Parnassus,Terry Gilliam,"Christopher Plummer, Lily Cole, Heath Ledger,Andrew Garfield"
823,G.I. Joe: The Rise of Cobra,Stephen Sommers,"Dennis Quaid, Channing Tatum, Marlon Wayans,Adewale Akinnuoye-Agbaje"
824,Christine,Antonio Campos,"Rebecca Hall, Michael C. Hall, Tracy Letts, Maria Dizzia"
825,Man Down,Dito Montiel,"Shia LaBeouf, Jai Courtney, Gary Oldman, Kate Mara"
826,Crawlspace,Phil Claydon,"Michael Vartan, Erin Moriarty, Nadine Velazquez,Ronnie Gene Blevins"
827,Shut In,Farren Blackburn,"Naomi Watts, Charlie Heaton, Jacob Tremblay,Oliver Platt"
828,The Warriors Gate,Matthias Hoene,"Mark Chao, Ni Ni, Dave Bautista, Sienna Guillory"
829,Grindhouse,Robert Rodriguez,"Kurt Russell, Rose McGowan, Danny Trejo, Zoë Bell"
830,Disaster Movie,Jason Friedberg,"Carmen Electra, Vanessa Lachey,Nicole Parker, Matt Lanter"
831,Rocky Balboa,Sylvester Stallone,"Sylvester Stallone, Antonio Tarver, Milo Ventimiglia, Burt Young"
832,Diary of a Wimpy Kid: Dog Days,David Bowers,"Zachary Gordon, Robert Capron, Devon Bostick,Steve Zahn"
833,Jane Eyre,Cary Joji Fukunaga,"Mia Wasikowska, Michael Fassbender, Jamie Bell, Su Elliot"
834,Fool's Gold,Andy Tennant,"Matthew McConaughey, Kate Hudson, Donald Sutherland, Alexis Dziena"
835,The Dictator,Larry Charles,"Sacha Baron Cohen, Anna Faris, John C. Reilly, Ben Kingsley"
836,The Loft,Erik Van Looy,"Karl Urban, James Marsden, Wentworth Miller, Eric Stonestreet"
837,Bacalaureat,Cristian Mungiu,"Adrian Titieni, Maria-Victoria Dragus, Lia Bugnar,Malina Manovici"
838,You Don't Mess with the Zohan,Dennis Dugan,"Adam Sandler, John Turturro, Emmanuelle Chriqui,Nick Swardson"
839,Exposed,Gee Malik Linton,"Ana de Armas, Keanu Reeves, Christopher McDonald, Mira Sorvino"
840,Maudie,Aisling Walsh,"Ethan Hawke, Sally Hawkins, Kari Matchett, Zachary Bennett"
841,Horrible Bosses 2,Sean Anders,"Jason Bateman, Jason Sudeikis, Charlie Day, Jennifer Aniston"
842,A Bigger Splash,Luca Guadagnino,"Tilda Swinton, Matthias Schoenaerts, Ralph Fiennes, Dakota Johnson"
843,Melancholia,Lars von Trier,"Kirsten Dunst, Charlotte Gainsbourg, Kiefer Sutherland, Alexander Skarsgård"
844,The Princess and the Frog,Ron Clements,"Anika Noni Rose, Keith David, Oprah Winfrey, Bruno Campos"
845,Unstoppable,Tony Scott,"Denzel Washington, Chris Pine, Rosario Dawson, Ethan Suplee"
846,Flight,Robert Zemeckis,"Denzel Washington, Nadine Velazquez, Don Cheadle, John Goodman"
847,Home,Tim Johnson,"Jim Parsons, Rihanna, Steve Martin, Jennifer Lopez"
848,La migliore offerta,Giuseppe Tornatore,"Geoffrey Rush, Jim Sturgess, Sylvia Hoeks,Donald Sutherland"
849,Mean Dreams,Nathan Morlando,"Sophie Nélisse, Josh Wiggins, Joe Cobden, Bill Paxton"
850,42,Brian Helgeland,"Chadwick Boseman, T.R. Knight, Harrison Ford,Nicole Beharie"
851,21,Robert Luketic,"Jim Sturgess, Kate Bosworth, Kevin Spacey, Aaron Yoo"
852,Begin Again,John Carney,"Keira Knightley, Mark Ruffalo, Adam Levine, Hailee Steinfeld"
853,Out of the Furnace,Scott Cooper,"Christian Bale, Casey Affleck, Zoe Saldana, Woody Harrelson"
854,Vicky Cristina Barcelona,Woody Allen,"Rebecca Hall, Scarlett Johansson, Javier Bardem,Christopher Evan Welch"
855,Kung Fu Panda,Mark Osborne,"Jack Black, Ian McShane,Angelina Jolie, Dustin Hoffman"
856,Barbershop: The Next Cut,Malcolm D. Lee,"Ice Cube, Regina Hall, Anthony Anderson, Eve"
857,Terminator Salvation,McG,"Christian Bale, Sam Worthington, Anton Yelchin, Moon Bloodgood"
858,Freedom Writers,Richard LaGravenese,"Hilary Swank, Imelda Staunton, Patrick Dempsey, Scott Glenn"
859,The Hills Have Eyes,Alexandre Aja,"Ted Levine, Kathleen Quinlan, Dan Byrd, Emilie de Ravin"
860,Changeling,Clint Eastwood,"Angelina Jolie, Colm Feore, Amy Ryan, Gattlin Griffith"
861,Remember Me,Allen Coulter,"Robert Pattinson, Emilie de Ravin, Caitlyn Rund,Moisés Acevedo"
862,Koe no katachi,Naoko Yamada,"Miyu Irino, Saori Hayami, Aoi Yuki, Kenshô Ono"
863,"Alexander and the Terrible, Horrible, No Good, Very Bad Day",Miguel Arteta,"Steve Carell, Jennifer Garner, Ed Oxenbould, Dylan Minnette"
864,Locke,Steven Knight,"Tom Hardy, Olivia Colman, Ruth Wilson, Andrew Scott"
865,The 9th Life of Louis Drax,Alexandre Aja,"Jamie Dornan, Aiden Longworth, Sarah Gadon,Aaron Paul"
866,Horns,Alexandre Aja,"Daniel Radcliffe, Juno Temple, Max Minghella, Joe Anderson"
867,Indignation,James Schamus,"Logan Lerman, Sarah Gadon, Tijuana Ricks, Sue Dahlman"
868,The Stanford Prison Experiment,Kyle Patrick Alvarez,"Ezra Miller, Tye Sheridan, Billy Crudup, Olivia Thirlby"
869,Diary of a Wimpy Kid: Rodrick Rules,David Bowers,"Zachary Gordon, Devon Bostick, Robert Capron,Rachael Harris"
870,Mission: Impossible III,J.J. Abrams,"Tom Cruise, Michelle Monaghan, Ving Rhames, Philip Seymour Hoffman"
871,En man som heter Ove,Hannes Holm,"Rolf Lassgård, Bahar Pars, Filip Berg, Ida Engvoll"
872,Dragonball Evolution,James Wong,"Justin Chatwin, James Marsters, Yun-Fat Chow, Emmy Rossum"
873,Red Dawn,Dan Bradley,"Chris Hemsworth, Isabel Lucas, Josh Hutcherson, Josh Peck"
874,One Day,Lone Scherfig,"Anne Hathaway, Jim Sturgess, Patricia Clarkson,Tom Mison"
875,Life as We Know It,Greg Berlanti,"Katherine Heigl, Josh Duhamel, Josh Lucas, Alexis Clagett"
876,28 Weeks Later,Juan Carlos Fresnadillo,"Jeremy Renner, Rose Byrne, Robert Carlyle, Harold Perrineau"
877,Warm Bodies,Jonathan Levine,"Nicholas Hoult, Teresa Palmer, John Malkovich,Analeigh Tipton"
878,Blue Jasmine,Woody Allen,"Cate Blanchett, Alec Baldwin, Peter Sarsgaard, Sally Hawkins"
879,G.I. Joe: Retaliation,Jon M. Chu,"Dwayne Johnson, Channing Tatum, Adrianne Palicki,Byung-hun Lee"
880,Wrath of the Titans,Jonathan Liebesman,"Sam Worthington, Liam Neeson, Rosamund Pike, Ralph Fiennes"
881,Shin Gojira,Hideaki Anno,"Hiroki Hasegawa, Yutaka Takenouchi,Satomi Ishihara, Ren Ôsugi"
882,Saving Mr. Banks,John Lee Hancock,"Emma Thompson, Tom Hanks, Annie Rose Buckley, Colin Farrell"
883,Transcendence,Wally Pfister,"Johnny Depp, Rebecca Hall, Morgan Freeman, Cillian Murphy"
884,Rio,Carlos Saldanha,"Jesse Eisenberg, Anne Hathaway, George Lopez,Karen Disher"
885,Equals,Drake Doremus,"Nicholas Hoult, Kristen Stewart, Vernetta Lopez,Scott Lawrence"
886,Babel,Alejandro González Iñárritu,"Brad Pitt, Cate Blanchett, Gael García Bernal, Mohamed Akhzam"
887,The Tree of Life,Terrence Malick,"Brad Pitt, Sean Penn, Jessica Chastain, Hunter McCracken"
888,The Lucky One,Scott Hicks,"Zac Efron, Taylor Schilling, Blythe Danner, Riley Thomas Stewart"
889,Piranha 3D,Alexandre Aja,"Elisabeth Shue, Jerry O'Connell, Richard Dreyfuss,Ving Rhames"
890,50/50,Jonathan Levine,"Joseph Gordon-Levitt, Seth Rogen, Anna Kendrick, Bryce Dallas Howard"
891,The Intent,Femi Oyeniran,"Dylan Duffus, Scorcher,Shone Romulus, Jade Asha"
892,This Is 40,Judd Apatow,"Paul Rudd, Leslie Mann, Maude Apatow, Iris Apatow"
893,Real Steel,Shawn Levy,"Hugh Jackman, Evangeline Lilly, Dakota Goyo,Anthony Mackie"
894,Sex and the City,Michael Patrick King,"Sarah Jessica Parker, Kim Cattrall, Cynthia Nixon, Kristin Davis"
895,Rambo,Sylvester Stallone,"Sylvester Stallone, Julie Benz, Matthew Marsden, Graham McTavish"
896,Planet Terror,Robert Rodriguez,"Rose McGowan, Freddy Rodríguez, Josh Brolin,Marley Shelton"
897,Concussion,Peter Landesman,"Will Smith, Alec Baldwin, Albert Brooks, David Morse"
898,The Fall,Tarsem Singh,"Lee Pace, Catinca Untaru, Justine Waddell, Kim Uylenbroek"
899,The Ugly Truth,Robert Luketic,"Katherine Heigl, Gerard Butler, Bree Turner, Eric Winter"
900,Bride Wars,Gary Winick,"Kate Hudson, Anne Hathaway, Candice Bergen, Bryan Greenberg"
901,Sleeping with Other People,Leslye Headland,"Jason Sudeikis, Alison Brie, Jordan Carlos,Margarita Levieva"
902,Snakes on a Plane,David R. Ellis,"Samuel L. Jackson, Julianna Margulies, Nathan Phillips, Rachel Blanchard"
903,What If,Michael Dowse,"Daniel Radcliffe, Zoe Kazan, Megan Park, Adam Driver"
904,How to Train Your Dragon 2,Dean DeBlois,"Jay Baruchel, Cate Blanchett, Gerard Butler, Craig Ferguson"
905,RoboCop,José Padilha,"Joel Kinnaman, Gary Oldman, Michael Keaton, Abbie Cornish"
906,In Dubious Battle,James Franco,"Nat Wolff, James Franco, Vincent D'Onofrio, Selena Gomez"
907,"Hello, My Name Is Doris",Michael Showalter,"Sally Field, Max Greenfield, Tyne Daly, Wendi McLendon-Covey"
908,Ocean's Thirteen,Steven Soderbergh,"George Clooney, Brad Pitt, Matt Damon,Michael Mantell"
909,Slither,James Gunn,"Nathan Fillion, Elizabeth Banks, Michael Rooker, Don Thompson"
910,Contagion,Steven Soderbergh,"Matt Damon, Kate Winslet, Jude Law, Gwyneth Paltrow"
911,Il racconto dei racconti - Tale of Tales,Matteo Garrone,"Salma Hayek, Vincent Cassel, Toby Jones, John C. Reilly"
912,I Am the Pretty Thing That Lives in the House,Oz Perkins,"Ruth Wilson, Paula Prentiss, Lucy Boynton, Bob Balaban"
913,Bridge to Terabithia,Gabor Csupo,"Josh Hutcherson, AnnaSophia Robb, Zooey Deschanel, Robert Patrick"
914,Coherence,James Ward Byrkit,"Emily Baldoni, Maury Sterling, Nicholas Brendon, Elizabeth Gracen"
915,Notorious,George Tillman Jr.,"Jamal Woolard, Anthony Mackie, Derek Luke,Momo Dione"
916,Goksung,Hong-jin Na,"Jun Kunimura, Jung-min Hwang, Do-won Kwak, Woo-hee Chun"
917,The Expendables 2,Simon West,"Sylvester Stallone, Liam Hemsworth, Randy Couture,Jean-Claude Van Damme"
918,The Girl Next Door,Gregory Wilson,"William Atherton, Blythe Auffarth, Blanche Baker,Kevin Chamberlin"
919,Perfume: The Story of a Murderer,Tom Tykwer,"Ben Whishaw, Dustin Hoffman, Alan Rickman,Francesc Albiol"
920,The Golden Compass,Chris Weitz,"Nicole Kidman, Daniel Craig, Dakota Blue Richards, Ben Walker"
921,Centurion,Neil Marshall,"Michael Fassbender, Dominic West, Olga Kurylenko,Andreas Wisniewski"
922,Scouts Guide to the Zombie Apocalypse,Christopher Landon,"Tye Sheridan, Logan Miller, Joey Morgan,Sarah Dumont"
923,17 Again,Burr Steers,"Zac Efron, Matthew Perry, Leslie Mann, Thomas Lennon"
924,No Escape,John Erick Dowdle,"Lake Bell, Pierce Brosnan, Owen Wilson,Chatchawai Kamonsakpitak"
925,Superman Returns,Bryan Singer,"Brandon Routh, Kevin Spacey, Kate Bosworth, James Marsden"
926,The Twilight Saga: Breaking Dawn - Part 1,Bill Condon,"Kristen Stewart, Robert Pattinson, Taylor Lautner, Gil Birmingham"
927,Precious,Lee Daniels,"Gabourey Sidibe, Mo'Nique, Paula Patton, Mariah Carey"
928,The Sea of Trees,Gus Van Sant,"Matthew McConaughey, Naomi Watts, Ken Watanabe,Ryoko Seta"
929,Good Kids,Chris McCoy,"Zoey Deutch, Nicholas Braun, Mateo Arias, Israel Broussard"
930,The Master,Paul Thomas Anderson,"Philip Seymour Hoffman, Joaquin Phoenix,Amy Adams, Jesse Plemons"
931,Footloose,Craig Brewer,"Kenny Wormald, Julianne Hough, Dennis Quaid,Andie MacDowell"
932,If I Stay,R.J. Cutler,"Chloë Grace Moretz, Mireille Enos, Jamie Blackley,Joshua Leonard"
933,The Ticket,Ido Fluk,"Dan Stevens, Malin Akerman, Oliver Platt, Kerry Bishé"
934,Detour,Christopher Smith,"Tye Sheridan, Emory Cohen, Bel Powley,Stephen Moyer"
935,The Love Witch,Anna Biller,"Samantha Robinson, Jeffrey Vincent Parise, Laura Waddell, Gian Keys"
936,Talladega Nights: The Ballad of Ricky Bobby,Adam McKay,"Will Ferrell, John C. Reilly, Sacha Baron Cohen, Gary Cole"
937,The Human Centipede (First Sequence),Tom Six,"Dieter Laser, Ashley C. Williams, Ashlynn Yennie, Akihiro Kitamura"
938,Super,James Gunn,"Rainn Wilson, Ellen Page, Liv Tyler, Kevin Bacon"
939,The Siege of Jadotville,Richie Smyth,"Jamie Dornan, Mark Strong, Jason O'Mara, Michael McElhatton"
940,Up in the Air,Jason Reitman,"George Clooney, Vera Farmiga, Anna Kendrick,Jason Bateman"
941,The Midnight Meat Train,Ryûhei Kitamura,"Vinnie Jones, Bradley Cooper, Leslie Bibb, Brooke Shields"
942,The Twilight Saga: Eclipse,David Slade,"Kristen Stewart, Robert Pattinson, Taylor Lautner,Xavier Samuel"
943,Transpecos,Greg Kwedar,"Johnny Simmons, Gabriel Luna, Clifton Collins Jr.,David Acord"
944,What's Your Number?,Mark Mylod,"Anna Faris, Chris Evans, Ari Graynor, Blythe Danner"
945,Riddick,David Twohy,"Vin Diesel, Karl Urban, Katee Sackhoff, Jordi Mollà"
946,Triangle,Christopher Smith,"Melissa George, Joshua McIvor, Jack Taylor,Michael Dorman"
947,The Butler,Lee Daniels,"Forest Whitaker, Oprah Winfrey, John Cusack, Jane Fonda"
948,King Cobra,Justin Kelly,"Garrett Clayton, Christian Slater, Molly Ringwald,James Kelley"
949,After Earth,M. Night Shyamalan,"Jaden Smith, David Denman, Will Smith,Sophie Okonedo"
950,Kicks,Justin Tipping,"Jahking Guillory, Christopher Jordan Wallace,Christopher Meyer, Kofi Siriboe"
951,Me and Earl and the Dying Girl,Alfonso Gomez-Rejon,"Thomas Mann, RJ Cyler, Olivia Cooke, Nick Offerman"
952,The Descendants,Alexander Payne,"George Clooney, Shailene Woodley, Amara Miller, Nick Krause"
953,Sex and the City 2,Michael Patrick King,"Sarah Jessica Parker, Kim Cattrall, Kristin Davis, Cynthia Nixon"
954,The Kings of Summer,Jordan Vogt-Roberts,"Nick Robinson, Gabriel Basso, Moises Arias,Nick Offerman"
955,Death Race,Paul W.S. Anderson,"Jason Statham, Joan Allen, Tyrese Gibson, Ian McShane"
956,That Awkward Moment,Tom Gormican,"Zac Efron, Michael B. Jordan, Miles Teller, Imogen Poots"
957,Legion,Scott Stewart,"Paul Bettany, Dennis Quaid, Charles S. Dutton, Lucas Black"
958,End of Watch,David Ayer,"Jake Gyllenhaal, Michael Peña, Anna Kendrick, America Ferrera"
959,3 Days to Kill,McG,"Kevin Costner, Hailee Steinfeld, Connie Nielsen, Amber Heard"
960,Lucky Number Slevin,Paul McGuigan,"Josh Hartnett, Ben Kingsley, Morgan Freeman, Lucy Liu"
961,Trance,Danny Boyle,"James McAvoy, Rosario Dawson, Vincent Cassel,Danny Sapani"
962,Into the Forest,Patricia Rozema,"Ellen Page, Evan Rachel Wood, Max Minghella,Callum Keith Rennie"
963,The Other Boleyn Girl,Justin Chadwick,"Natalie Portman, Scarlett Johansson, Eric Bana,Jim Sturgess"
964,I Spit on Your Grave,Steven R. Monroe,"Sarah Butler, Jeff Branson, Andrew Howard,Daniel Franzese"
965,Custody,James Lapine,"Viola Davis, Hayden Panettiere, Catalina Sandino Moreno, Ellen Burstyn"
966,Inland Empire,David Lynch,"Laura Dern, Jeremy Irons, Justin Theroux, Karolina Gruszka"
967,L'odyssée,Jérôme Salle,"Lambert Wilson, Pierre Niney, Audrey Tautou,Laurent Lucas"
968,The Walk,Robert Zemeckis,"Joseph Gordon-Levitt, Charlotte Le Bon,Guillaume Baillargeon, Émilie Leclerc"
969,Wrecker,Micheal Bafaro,"Anna Hutchison, Andrea Whitburn, Jennifer Koenig,Michael Dickson"
970,The Lone Ranger,Gore Verbinski,"Johnny Depp, Armie Hammer, William Fichtner,Tom Wilkinson"
971,Texas Chainsaw 3D,John Luessenhop,"Alexandra Daddario, Tania Raymonde, Scott Eastwood, Trey Songz"
972,Disturbia,D.J. Caruso,"Shia LaBeouf, David Morse, Carrie-Anne Moss, Sarah Roemer"
973,Rock of Ages,Adam Shankman,"Julianne Hough, Diego Boneta, Tom Cruise, Alec Baldwin"
974,Scream 4,Wes Craven,"Neve Campbell, Courteney Cox, David Arquette, Lucy Hale"
975,Queen of Katwe,Mira Nair,"Madina Nalwanga, David Oyelowo, Lupita Nyong'o, Martin Kabanza"
976,My Big Fat Greek Wedding 2,Kirk Jones,"Nia Vardalos, John Corbett, Michael Constantine, Lainie Kazan"
977,Dark Places,Gilles Paquet-Brenner,"Charlize Theron, Nicholas Hoult, Christina Hendricks, Chloë Grace Moretz"
978,Amateur Night,Lisa Addario,"Jason Biggs, Janet Montgomery,Ashley Tisdale, Bria L. Murphy"
979,It's Only the End of the World,Xavier Dolan,"Nathalie Baye, Vincent Cassel, Marion Cotillard, Léa Seydoux"
980,The Skin I Live In,Pedro Almodóvar,"Antonio Banderas, Elena Anaya, Jan Cornet,Marisa Paredes"
981,Miracles from Heaven,Patricia Riggen,"Jennifer Garner, Kylie Rogers, Martin Henderson,Brighton Sharbino"
982,Annie,Will Gluck,"Quvenzhané Wallis, Cameron Diaz, Jamie Foxx, Rose Byrne"
983,Across the Universe,Julie Taymor,"Evan Rachel Wood, Jim Sturgess, Joe Anderson, Dana Fuchs"
984,Let's Be Cops,Luke Greenfield,"Jake Johnson, Damon Wayans Jr., Rob Riggle, Nina Dobrev"
985,Max,Boaz Yakin,"Thomas Haden Church, Josh Wiggins, Luke Kleintank,Lauren Graham"
986,Your Highness,David Gordon Green,"Danny McBride, Natalie Portman, James Franco, Rasmus Hardiker"
987,Final Destination 5,Steven Quale,"Nicholas D'Agosto, Emma Bell, Arlen Escarpeta, Miles Fisher"
988,Endless Love,Shana Feste,"Gabriella Wilde, Alex Pettyfer, Bruce Greenwood,Robert Patrick"
989,Martyrs,Pascal Laugier,"Morjana Alaoui, Mylène Jampanoï, Catherine Bégin,Robert Toupin"
990,Selma,Ava DuVernay,"David Oyelowo, Carmen Ejogo, Tim Roth, Lorraine Toussaint"
991,Underworld: Rise of the Lycans,Patrick Tatopoulos,"Rhona Mitra, Michael Sheen, Bill Nighy, Steven Mackintosh"
992,Taare Zameen Par,Aamir Khan,"Darsheel Safary, Aamir Khan, Tanay Chheda, Sachet Engineer"
993,Take Me Home Tonight,Michael Dowse,"Topher Grace, Anna Faris, Dan Fogler, Teresa Palmer"
994,Resident Evil: Afterlife,Paul W.S. Anderson,"Milla Jovovich, Ali Larter, Wentworth Miller,Kim Coates"
995,Project X,Nima Nourizadeh,"Thomas Mann, Oliver Cooper, Jonathan Daniel Brown, Dax Flame"
996,Secret in Their Eyes,Billy Ray,"Chiwetel Ejiofor, Nicole Kidman, Julia Roberts, Dean Norris"
997,Hostel: Part II,Eli Roth,"Lauren German, Heather Matarazzo, Bijou Phillips, Roger Bart"
998,Step Up 2: The Streets,Jon M. Chu,"Robert Hoffman, Briana Evigan, Cassie Ventura, Adam G. Sevani"
999,Search Party,Scot Armstrong,"Adam Pally, T.J. Miller, Thomas Middleditch,Shannon Woodward"
1000,Nine Lives,Barry Sonnenfeld,"Kevin Spacey, Jennifer Garner, Robbie Amell,Cheryl Hines"
